Commodity,Country,2010,2011,2012,2013,2014,2015,2016,2017,2018,2019,2020,2021
"03 Fish, Crustaceans & Aquatic Invertebrates",World Total,"287,852,093","303,343,244","341,868,818","376,876,679","458,977,890","444,799,541","565,333,195","475,518,005","555,078,858","516,986,563","388,559,814","652,748,944"
,Afghanistan,,,,,,,,,,,,"14,400"
,Albania,,,,,,,,,,,,
,Algeria,,,,,,,,,,,,
,Andorra,,,,,,,,,,,,
,Angola,,,,,,,,,,,,
,Anguilla,,,,,,,,,,,,
,Antigua and Barbuda,,,,,,,,,,,,
,Argentina,,,"121,060",,,,,,,,,
,Armenia,,,,,,,,,,,,
,Aruba,,,,,,,,,,"2,862",,
,Australia,,,,"52,330",,,,,,"48,804",,
,Austria,,,,,,,,,,,,
,Azerbaijan,,,,,,,,,,,,
,Bahamas,,,,,,,,,,,,
,Bahrain,,,,,,,,,,,,"19,634"
,Bangladesh,,,,,,,,,,,,
,Barbados,,,,,,,,,,,,
,Belarus,,,,,,,,,,,,
,Belgium,"1,970,072",,"55,900","154,240","97,060",,"10,785",,,,"15,180",
,Belize,,,,,,,,,,,,
,Benin,,,,,,,,,,,,
,Bermuda,,,,,,,,,,"39,295","53,291","92,898"
,Bhutan,,,,,,,,,,,,
,Bolivia,,,,,,,,,,,,
,Bosnia and Herzegovina,,,,,,,,,,,,
,Botswana,,,,,,,,,,,,
,Brazil,,,,,,,,,,,,
,British Indian Ocean Territories,,,,,,,,,,,,
,British Virgin Islands,,,,,,,,,,,,
,Brunei,,,,,,,,,,,,
,Bulgaria,,,,,,,,,,,,
,Burkina Faso,,,,,,,,,,,,
,Burma,,,,,,,,,"18,480","14,520",,
,Burundi,,,,,,,,,,,,
,Cabo Verde,,,,,,,,,,,,
,Cambodia,,,,,,,"2,565","6,450",,,,
,Cameroon,,,,,,,,,,,,
,Canada,"236,117,780","245,100,178","274,701,432","286,260,106","360,046,399","359,511,194","439,143,924","315,092,753","386,823,119","377,346,318","281,250,869","513,539,305"
,Cayman Islands,"12,121","10,904","7,300","3,248",,,,,,"4,725",,
,Central African Republic,,,,,,,,,,,,
,Chad,,,,,,,,,,,,
,Chile,,"133,103",,,"9,500",,,,,,,
,China,"253,505","1,714,663","8,445,967","15,166,939","21,449,854","19,955,228","40,976,150","57,260,226","53,429,901","27,616,981","42,711,879","32,250,361"
,Christmas Island,,,,,,,,,,,,
,Cocos (Keeling) Islands,,,,,,,,,,,,
,Colombia,,,,,,,,,"9,044",,,
,Comoros,,,,,,,,,,,,
,Congo (Brazzaville),,,,,,,,,,,,
,Congo (Kinshasa),,,,,,,,,,,,
,Cook Islands,,,,,,,,,,,,
,Costa Rica,,,,,,,,,,,"3,392","18,377"
,Cote d'Ivoire,,,,,,,,,,,,
,Croatia,,,,,,,,,,,,
,Cuba,,,,,,,,,,,,
,Curacao,,,,,,,,,,,,
,Cyprus,,,,,,,,,,,,
,Czech Republic,,,,"10,583",,,,,,,,
,Denmark,"2,175,546","2,716,003",,"26,150","651,045","206,643","1,085,828","295,329",,"673,020","60,360","115,817"
,Djibouti,,,,,,,,,,,,
,Dominica,,,,,,,,,,,,
,Dominican Republic,,,,,"168,192",,,,,,,
,Ecuador,,,,,,,,,,,,
,Egypt,"50,574","77,760",,,,,,,,,,
,El Salvador,,,,,,,,,,,,
,Equatorial Guinea,,,,,,,,,,,,
,Eritrea,,,,,,,,,,,,
,Estonia,,,,,,,,,,,,
,Eswatini,,,,,,,,,,,,
,Ethiopia,,,,,,,,,,,,
,Falkland Islands (Islas Malvinas),,,,,,,,,,,,
,Faroe Islands,"50,000",,,,,,,,,,,
,Fiji,,,,,,,,,,,,
,Finland,,,,,,,,,"12,135","3,597",,"19,908"
,France,"936,770","1,571,300","1,502,621","1,783,131","1,220,982","1,115,981","1,136,057","1,851,994","1,608,541","1,135,714","1,602,122","3,712,424"
,French Guiana,,,,,,,,,,,,
,French Polynesia,,,,,,,,,,,,
,French Southern and Antarctic Lands,,,,,,,,,,,,
,Gabon,,,,,,,,,,,,
,Gambia,,,,,,,,,,,,
,Gaza Strip Administered by Israel,,,,,,,,,,,,
,Georgia,,,,,,,,,,,,
,Germany,"3,614,050","165,736","49,462","38,431","34,269","630,504",,"25,000",,,"367,180",
,Ghana,,,,,,,,,,,,
,Gibraltar,,,,,,,,,,,,
,Greece,,"4,500",,"3,804",,,,,"33,386","4,575",,
,Greenland,,,,,,,,,,,,
,Grenada,,,,,,,,,,,,
,Guadeloupe,,,,,,,,,,,,
,Guatemala,,,,,,,,,,,,
,Guinea,,,,,,,,,,,,
,Guinea-Bissau,,,,,,,,,,,,
,Guyana,,,,,,,,,,,,
,Haiti,,,,,,,,,,,,
,Heard and McDonald Islands,,,,,,,,,,,,
,Honduras,,,,,,,,,,,,
,Hong Kong,"2,247,655","6,852,281","9,149,908","14,562,241","14,118,094","11,751,127","25,096,381","30,281,341","46,534,711","46,620,941","23,532,189","32,030,694"
,Hungary,,,,,,,,,,,,
,Iceland,"60,000","255,000",,,,,,"36,270",,,"310,554","40,000"
,India,,,,,,,,,,,,
,Indonesia,,,"14,130","58,759","94,073","106,005","10,403","53,033","3,150","52,796","5,940","31,500"
,Iran,,,,,,,,,,,,
,Iraq,,,,,,,,,,,,
,Ireland,,,"3,346","29,658","25,856","40,650",,"2,501",,,,
,Israel,,,,,,,"5,530",,"56,859","98,407","60,991","132,676"
,Italy,"5,451,942","8,258,292","7,955,823","5,737,706","4,069,488","5,802,920","6,093,188","12,565,324","12,696,357","7,942,513","3,328,578","19,929,784"
,Jamaica,,,"3,875",,,,,,,"350,000",,
,Japan,"21,271,092","22,785,891","27,081,020","25,572,434","24,781,794","22,782,022","24,656,811","25,518,539","18,612,632","17,352,091","13,272,568","13,928,689"
,Jordan,,,,,,,,,,,,
,Kazakhstan,,,,,,,,,,,,
,Kenya,,,,,,,,,,,,
,Kiribati,,,,,,,,,,,,
,"Korea, North",,,,,,,,,,,,
,"Korea, South","1,070,680","800,993","2,660,852","13,999,602","13,763,839","6,283,170","8,576,455","10,426,607","9,678,573","8,950,899","7,136,086","6,891,581"
,Kosovo,,,,,,,,,,,,
,Kuwait,,,,,,"52,602","112,135","56,903",,,,
,Kyrgyzstan,,,,,,,,,,,,
,Laos,,,,,,,,,,,,
,Latvia,,,,,,,,,,,,
,Lebanon,,,,,,,,,"14,720","5,170",,
,Lesotho,,,,,,,,,,,,
,Liberia,,,,,,,,,,,,
,Libya,,,,,,,,,,,,
,Liechtenstein,,,,,,,,,,,,
,Lithuania,,,,,,,,,,,,
,Luxembourg,,,,,,,,,,,,
,Macau,,,,,,,,,"113,520","15,840",,
,Macedonia,,,,,,,,,,,,
,Madagascar,,,,,,,,,,,,
,Malawi,,,,,,,,,,,,
,Malaysia,,,"23,184","142,777","177,804","272,116","357,551","846,397","1,355,380","2,648,814","402,841","313,064"
,Maldives,,,,,,,,,,,,
,Mali,,,,,,,,,,,,
,Malta,,,,,,,,,,,,
,Marshall Islands,,,,,,,,,,,,
,Martinique,,,,,,,,,,,,
,Mauritania,,,,,,,,,,,,
,Mauritius,,,,,,,,,,,,
,Mayotte,,,,,,,,,,,,
,Mexico,,,,,,,,,,"5,002",,"5,260"
,Micronesia,,,,,,,,,,,,
,Moldova,,,,,,,,,,,,
,Monaco,,,,,,,,,,,,
,Mongolia,,,,,,,,,,"1,056,925",,
,Montenegro,,,,,,,,,,,,
,Montserrat,,,,,,,,,,,,
,Morocco,,,,,,,,,,,,
,Mozambique,,,,,,,,,,,,
,Namibia,,,,,,,,,,,,
,Nauru,,,,,,,,,,,,
,Nepal,,,,,,,,,,,,
,Netherlands,,"203,840","16,770","16,770","48,074","428,780","41,732","245,891","349,172","448,875","470,208","1,044,843"
,Netherlands Antilles (through Apr 2011),,,,,,,,,,,,
,New Caledonia,,,,,,,,,,,,
,New Zealand,,,,,,,,,,,,
,Nicaragua,,,,,,,,,,,,
,Niger,,,,,,,,,,,,
,Nigeria,,,,,,,,,,,,
,Niue,,,,,,,,,,,,
,Norfolk Island,,,,,,,,,,,,
,Norway,"770,848","761,565","397,216","1,461,028","1,931,433","1,102,865","1,597,301","1,426,089","1,161,274","1,063,928","609,010","1,493,225"
,Oman,,,,,,,,,,,,
,Pakistan,,,,,,,,,,,,
,Palau,,,,,,,,,,,,
,Panama,,,,,,,,,,,,
,Papua New Guinea,,,,,,,,,,,,
,Paraguay,,,,,,,,,,,,
,Peru,,,,,,,,,,,,
,Philippines,,,,"50,000","35,000",,,"123,208","134,919","243,171","22,259","2,970"
,Pitcairn Islands,,,,,,,,,,,,
,Poland,,,"2,506","2,674",,,,,,,,
,Portugal,,,"25,000",,,,"53,236","79,860","170,769","129,755","9,339",
,Qatar,,,,,,,"3,080",,"11,110","65,716","145,526","2,121,278"
,Reunion,,,,,,,,,,,,
,Romania,,,,,,,,,,,,
,Russia,"829,338","155,265",,,,,,,,,,
,Rwanda,,,,,,,,,,,,
,Samoa,,,,,,,,,,,,
,San Marino,,,,,,,,,,,,
,Sao Tome and Principe,,,,,,,,,,,,
,Saudi Arabia,,,,,,,,,"15,675","77,061","18,448","19,687"
,Senegal,,,,,,,,,,,,
,Serbia,,,,,,,,,,,,
,Serbia (Jan 2007 - Dec 2008),,,,,,,,,,,,
,Serbia and Montenegro (Aug 2003 - Dec 2006),,,,,,,,,,,,
,Seychelles,,,,,,,,,,,,
,Sierra Leone,,,,,,,,,,,,
,Singapore,"220,632","354,948","663,254","946,433","1,162,611","1,324,843","2,150,352","2,607,906","3,066,497","2,968,750","2,828,150","4,579,971"
,Sint Maarten,,,,,,,,,,,,
,Slovakia,,,,,,,,,,,,
,Slovenia,,,,,,,,,,,,
,Solomon Islands,,,,,,,,,,,,
,Somalia,,,,,,,,,,,,
,South Africa,,,,,,,,,,,,
,South Sudan,,,,,,,,,,,,
,Spain,"4,053,893","5,609,435","2,897,346","2,564,834","3,311,069","2,247,867","1,026,357","1,156,439","1,436,997","4,591,182","1,445,074","9,358,072"
,Sri Lanka,,,,,,,,,,,,
,St Helena,,,,,,,,,,,,
,St Kitts and Nevis,,,"6,050","2,925",,,,,,,,
,St Lucia,,,,,,,,,,,,
,St Pierre and Miquelon,,,,,,,,,,,,
,St Vincent and the Grenadines,,,,,,,,,,,,
,Sudan,,,,,,,,,,,,
,Sudan (through Jul 2011),,,,,,,,,,,,
,Suriname,,,,,,,,,,,,
,"Svalbard, Jan Mayen Island","110,000",,,,,,,,,,,
,Sweden,"493,100","39,686","846,085","1,039,301","296,638","761,017","1,157,097","1,236,168","1,201,779","543,990","589,801","2,635,120"
,Switzerland,,,,"5,037","45,504","160,515","122,100","120,450","82,026",,"100,000","35,055"
,Syria,,,,,,,,,,,,
,Taiwan,"16,780","63,355","115,923","754,280","1,545,757","767,280","1,840,769","3,064,436","3,629,220","5,686,161","1,974,227","1,994,777"
,Tajikistan,,,,,,,,,,,,
,Tanzania,,,,,,,,,,,,
,Thailand,"113,304","245,098","481,819","720,964","927,799","1,220,743","2,407,970","3,517,383","4,606,965","4,205,200","2,426,631","2,285,837"
,Timor-Leste,,,,,,,,,,,,
,Togo,,,,,,,,,,,,
,Tokelau,,,,,,,,,,,,
,Tonga,,,,,,,,,,,,
,Trinidad and Tobago,,,,,,,,,,,,
,Tunisia,,,,,,,,,,,,
,Turkey,"20,838",,,,,,,,"15,945","5,760","11,880",
,Turkmenistan,,,,,,,,,,,,
,Turks and Caicos Islands,,,,,,,,,,,,
,Tuvalu,,,,,,,,,,,,
,Uganda,,,,,,,,,,,,
,Ukraine,"136,639",,,,,,,,"3,000","4,500","3,518","339,616"
,United Arab Emirates,,,,,"3,738","69,409","123,920","136,261","328,077","822,581","814,305","1,716,785"
,United Kingdom,"5,794,009","5,463,448","4,619,499","5,277,525","5,501,550","3,465,589","1,870,462","2,457,729","2,022,586","2,649,422","2,614,158","1,976,336"
,Uruguay,"10,925",,"21,470",,,,,,,,,
,Uzbekistan,,,,,,,,,,,,
,Vanuatu,,,,,,,,,,,,
,Vatican City,,,,,,,,,,,,
,Venezuela,,,,,,,,,,,,
,Vietnam,,,,"432,769","3,460,468","4,740,471","5,675,056","5,027,518","5,842,339","1,490,702","363,260","59,000"
,Wallis and Futuna,,,,,,,,,,,,
,West Bank Administered by Israel,,,,,,,,,,,,
,Western Sahara (through Dec 2020),,,,,,,,,,,,
,Yemen,,,,,,,,,,,,
,Zambia,,,,,,,,,,,,
,Zimbabwe,,,,,,,,,,,,
,International Organizations,,,,,,,,,,,,
,Unidentified Countries,,,,,,,,,,,,
"0301 Fish, Live",World Total,"1,305,859","2,285,855","3,834,091","15,371,588","5,913,860","4,248,469","15,089,989","13,589,775","22,822,994","23,454,020","8,200,301","18,994,550"
,Afghanistan,,,,,,,,,,,,
,Albania,,,,,,,,,,,,
,Algeria,,,,,,,,,,,,
,Andorra,,,,,,,,,,,,
,Angola,,,,,,,,,,,,
,Anguilla,,,,,,,,,,,,
,Antigua and Barbuda,,,,,,,,,,,,
,Argentina,,,,,,,,,,,,
,Armenia,,,,,,,,,,,,
,Aruba,,,,,,,,,,,,
,Australia,,,,,,,,,,,,
,Austria,,,,,,,,,,,,
,Azerbaijan,,,,,,,,,,,,
,Bahamas,,,,,,,,,,,,
,Bahrain,,,,,,,,,,,,
,Bangladesh,,,,,,,,,,,,
,Barbados,,,,,,,,,,,,
,Belarus,,,,,,,,,,,,
,Belgium,,,,,,,,,,,,
,Belize,,,,,,,,,,,,
,Benin,,,,,,,,,,,,
,Bermuda,,,,,,,,,,,,
,Bhutan,,,,,,,,,,,,
,Bolivia,,,,,,,,,,,,
,Bosnia and Herzegovina,,,,,,,,,,,,
,Botswana,,,,,,,,,,,,
,Brazil,,,,,,,,,,,,
,British Indian Ocean Territories,,,,,,,,,,,,
,British Virgin Islands,,,,,,,,,,,,
,Brunei,,,,,,,,,,,,
,Bulgaria,,,,,,,,,,,,
,Burkina Faso,,,,,,,,,,,,
,Burma,,,,,,,,,,,,
,Burundi,,,,,,,,,,,,
,Cabo Verde,,,,,,,,,,,,
,Cambodia,,,,,,,,,,,,
,Cameroon,,,,,,,,,,,,
,Canada,"377,716","713,895","937,395","731,880","511,644","211,746","681,133","463,030","1,403,894","324,216","200,272","196,194"
,Cayman Islands,,,,,,,,,,,,
,Central African Republic,,,,,,,,,,,,
,Chad,,,,,,,,,,,,
,Chile,,,,,,,,,,,,
,China,,,,,,,,,,,,
,Christmas Island,,,,,,,,,,,,
,Cocos (Keeling) Islands,,,,,,,,,,,,
,Colombia,,,,,,,,,,,,
,Comoros,,,,,,,,,,,,
,Congo (Brazzaville),,,,,,,,,,,,
,Congo (Kinshasa),,,,,,,,,,,,
,Cook Islands,,,,,,,,,,,,
,Costa Rica,,,,,,,,,,,,
,Cote d'Ivoire,,,,,,,,,,,,
,Croatia,,,,,,,,,,,,
,Cuba,,,,,,,,,,,,
,Curacao,,,,,,,,,,,,
,Cyprus,,,,,,,,,,,,
,Czech Republic,,,,,,,,,,,,
,Denmark,,,,,,,,,,,,
,Djibouti,,,,,,,,,,,,
,Dominica,,,,,,,,,,,,
,Dominican Republic,,,,,,,,,,,,
,Ecuador,,,,,,,,,,,,
,Egypt,,,,,,,,,,,,
,El Salvador,,,,,,,,,,,,
,Equatorial Guinea,,,,,,,,,,,,
,Eritrea,,,,,,,,,,,,
,Estonia,,,,,,,,,,,,
,Eswatini,,,,,,,,,,,,
,Ethiopia,,,,,,,,,,,,
,Falkland Islands (Islas Malvinas),,,,,,,,,,,,
,Faroe Islands,,,,,,,,,,,,
,Fiji,,,,,,,,,,,,
,Finland,,,,,,,,,,,,
,France,,,,,,,,,,,,
,French Guiana,,,,,,,,,,,,
,French Polynesia,,,,,,,,,,,,
,French Southern and Antarctic Lands,,,,,,,,,,,,
,Gabon,,,,,,,,,,,,
,Gambia,,,,,,,,,,,,
,Gaza Strip Administered by Israel,,,,,,,,,,,,
,Georgia,,,,,,,,,,,,
,Germany,,,,,,,,,,,,
,Ghana,,,,,,,,,,,,
,Gibraltar,,,,,,,,,,,,
,Greece,,,,,,,,,,,,
,Greenland,,,,,,,,,,,,
,Grenada,,,,,,,,,,,,
,Guadeloupe,,,,,,,,,,,,
,Guatemala,,,,,,,,,,,,
,Guinea,,,,,,,,,,,,
,Guinea-Bissau,,,,,,,,,,,,
,Guyana,,,,,,,,,,,,
,Haiti,,,,,,,,,,,,
,Heard and McDonald Islands,,,,,,,,,,,,
,Honduras,,,,,,,,,,,,
,Hong Kong,"922,615","1,561,160","2,523,268","7,251,008","4,637,268","4,023,226","14,239,811","13,123,407","21,298,904","23,113,056","7,908,570","18,647,693"
,Hungary,,,,,,,,,,,,
,Iceland,,,,,,,,,,,,
,India,,,,,,,,,,,,
,Indonesia,,,,,,,,,,,,
,Iran,,,,,,,,,,,,
,Iraq,,,,,,,,,,,,
,Ireland,,,,,,,,,,,,
,Israel,,,,,,,,,,,,
,Italy,,,,,,,,,,,,
,Jamaica,,,,,,,,,,,,
,Japan,,,,,,,,,,,"91,459","150,663"
,Jordan,,,,,,,,,,,,
,Kazakhstan,,,,,,,,,,,,
,Kenya,,,,,,,,,,,,
,Kiribati,,,,,,,,,,,,
,"Korea, North",,,,,,,,,,,,
,"Korea, South","5,528","10,800","373,428","7,388,700","764,948",,"164,890",,"5,923",,,
,Kosovo,,,,,,,,,,,,
,Kuwait,,,,,,,,,,,,
,Kyrgyzstan,,,,,,,,,,,,
,Laos,,,,,,,,,,,,
,Latvia,,,,,,,,,,,,
,Lebanon,,,,,,,,,,,,
,Lesotho,,,,,,,,,,,,
,Liberia,,,,,,,,,,,,
,Libya,,,,,,,,,,,,
,Liechtenstein,,,,,,,,,,,,
,Lithuania,,,,,,,,,,,,
,Luxembourg,,,,,,,,,,,,
,Macau,,,,,,,,,,,,
,Macedonia,,,,,,,,,,,,
,Madagascar,,,,,,,,,,,,
,Malawi,,,,,,,,,,,,
,Malaysia,,,,,,,,,,,,
,Maldives,,,,,,,,,,,,
,Mali,,,,,,,,,,,,
,Malta,,,,,,,,,,,,
,Marshall Islands,,,,,,,,,,,,
,Martinique,,,,,,,,,,,,
,Mauritania,,,,,,,,,,,,
,Mauritius,,,,,,,,,,,,
,Mayotte,,,,,,,,,,,,
,Mexico,,,,,,,,,,,,
,Micronesia,,,,,,,,,,,,
,Moldova,,,,,,,,,,,,
,Monaco,,,,,,,,,,,,
,Mongolia,,,,,,,,,,,,
,Montenegro,,,,,,,,,,,,
,Montserrat,,,,,,,,,,,,
,Morocco,,,,,,,,,,,,
,Mozambique,,,,,,,,,,,,
,Namibia,,,,,,,,,,,,
,Nauru,,,,,,,,,,,,
,Nepal,,,,,,,,,,,,
,Netherlands,,,,,,,,,,,,
,Netherlands Antilles (through Apr 2011),,,,,,,,,,,,
,New Caledonia,,,,,,,,,,,,
,New Zealand,,,,,,,,,,,,
,Nicaragua,,,,,,,,,,,,
,Niger,,,,,,,,,,,,
,Nigeria,,,,,,,,,,,,
,Niue,,,,,,,,,,,,
,Norfolk Island,,,,,,,,,,,,
,Norway,,,,,,,,,,,,
,Oman,,,,,,,,,,,,
,Pakistan,,,,,,,,,,,,
,Palau,,,,,,,,,,,,
,Panama,,,,,,,,,,,,
,Papua New Guinea,,,,,,,,,,,,
,Paraguay,,,,,,,,,,,,
,Peru,,,,,,,,,,,,
,Philippines,,,,,,,,,,,,
,Pitcairn Islands,,,,,,,,,,,,
,Poland,,,,,,,,,,,,
,Portugal,,,,,,,,,,,,
,Qatar,,,,,,,,,,,,
,Reunion,,,,,,,,,,,,
,Romania,,,,,,,,,,,,
,Russia,,,,,,,,,,,,
,Rwanda,,,,,,,,,,,,
,Samoa,,,,,,,,,,,,
,San Marino,,,,,,,,,,,,
,Sao Tome and Principe,,,,,,,,,,,,
,Saudi Arabia,,,,,,,,,,,,
,Senegal,,,,,,,,,,,,
,Serbia,,,,,,,,,,,,
,Serbia (Jan 2007 - Dec 2008),,,,,,,,,,,,
,Serbia and Montenegro (Aug 2003 - Dec 2006),,,,,,,,,,,,
,Seychelles,,,,,,,,,,,,
,Sierra Leone,,,,,,,,,,,,
,Singapore,,,,,,,,,,,,
,Sint Maarten,,,,,,,,,,,,
,Slovakia,,,,,,,,,,,,
,Slovenia,,,,,,,,,,,,
,Solomon Islands,,,,,,,,,,,,
,Somalia,,,,,,,,,,,,
,South Africa,,,,,,,,,,,,
,South Sudan,,,,,,,,,,,,
,Spain,,,,,,,,,,,,
,Sri Lanka,,,,,,,,,,,,
,St Helena,,,,,,,,,,,,
,St Kitts and Nevis,,,,,,,,,,,,
,St Lucia,,,,,,,,,,,,
,St Pierre and Miquelon,,,,,,,,,,,,
,St Vincent and the Grenadines,,,,,,,,,,,,
,Sudan,,,,,,,,,,,,
,Sudan (through Jul 2011),,,,,,,,,,,,
,Suriname,,,,,,,,,,,,
,"Svalbard, Jan Mayen Island",,,,,,,,,,,,
,Sweden,,,,,,,,,,,,
,Switzerland,,,,,,,,,,,,
,Syria,,,,,,,,,,,,
,Taiwan,,,,,,,"4,155",,,,,
,Tajikistan,,,,,,,,,,,,
,Tanzania,,,,,,,,,,,,
,Thailand,,,,,,,,,,,,
,Timor-Leste,,,,,,,,,,,,
,Togo,,,,,,,,,,,,
,Tokelau,,,,,,,,,,,,
,Tonga,,,,,,,,,,,,
,Trinidad and Tobago,,,,,,,,,,,,
,Tunisia,,,,,,,,,,,,
,Turkey,,,,,,,,,,,,
,Turkmenistan,,,,,,,,,,,,
,Turks and Caicos Islands,,,,,,,,,,,,
,Tuvalu,,,,,,,,,,,,
,Uganda,,,,,,,,,,,,
,Ukraine,,,,,,,,,,,,
,United Arab Emirates,,,,,,"10,159",,,,,,
,United Kingdom,,,,,,"3,338",,"3,338","114,273","16,748",,
,Uruguay,,,,,,,,,,,,
,Uzbekistan,,,,,,,,,,,,
,Vanuatu,,,,,,,,,,,,
,Vatican City,,,,,,,,,,,,
,Venezuela,,,,,,,,,,,,
,Vietnam,,,,,,,,,,,,
,Wallis and Futuna,,,,,,,,,,,,
,West Bank Administered by Israel,,,,,,,,,,,,
,Western Sahara (through Dec 2020),,,,,,,,,,,,
,Yemen,,,,,,,,,,,,
,Zambia,,,,,,,,,,,,
,Zimbabwe,,,,,,,,,,,,
,International Organizations,,,,,,,,,,,,
,Unidentified Countries,,,,,,,,,,,,
"0302 Fish, Fresh Or Chilled (no Fillets Or Other Meat)",World Total,"61,592,871","24,439,075","48,736,066","50,751,861","39,389,837","21,478,673","73,417,706","39,720,038","59,226,597","56,615,084","44,085,797","66,926,637"
,Afghanistan,,,,,,,,,,,,
,Albania,,,,,,,,,,,,
,Algeria,,,,,,,,,,,,
,Andorra,,,,,,,,,,,,
,Angola,,,,,,,,,,,,
,Anguilla,,,,,,,,,,,,
,Antigua and Barbuda,,,,,,,,,,,,
,Argentina,,,,,,,,,,,,
,Armenia,,,,,,,,,,,,
,Aruba,,,,,,,,,,,,
,Australia,,,,,,,,,,,,
,Austria,,,,,,,,,,,,
,Azerbaijan,,,,,,,,,,,,
,Bahamas,,,,,,,,,,,,
,Bahrain,,,,,,,,,,,,
,Bangladesh,,,,,,,,,,,,
,Barbados,,,,,,,,,,,,
,Belarus,,,,,,,,,,,,
,Belgium,,,,,,,,,,,,
,Belize,,,,,,,,,,,,
,Benin,,,,,,,,,,,,
,Bermuda,,,,,,,,,,,,
,Bhutan,,,,,,,,,,,,
,Bolivia,,,,,,,,,,,,
,Bosnia and Herzegovina,,,,,,,,,,,,
,Botswana,,,,,,,,,,,,
,Brazil,,,,,,,,,,,,
,British Indian Ocean Territories,,,,,,,,,,,,
,British Virgin Islands,,,,,,,,,,,,
,Brunei,,,,,,,,,,,,
,Bulgaria,,,,,,,,,,,,
,Burkina Faso,,,,,,,,,,,,
,Burma,,,,,,,,,,,,
,Burundi,,,,,,,,,,,,
,Cabo Verde,,,,,,,,,,,,
,Cambodia,,,,,,,,,,,,
,Cameroon,,,,,,,,,,,,
,Canada,"61,363,120","23,815,255","48,279,611","50,321,097","39,171,479","21,281,138","73,323,465","39,605,663","59,085,448","56,601,921","44,083,196","66,918,923"
,Cayman Islands,,,,"3,248",,,,,,,,
,Central African Republic,,,,,,,,,,,,
,Chad,,,,,,,,,,,,
,Chile,,,,,,,,,,,,
,China,,,,,,,,"5,656",,,,
,Christmas Island,,,,,,,,,,,,
,Cocos (Keeling) Islands,,,,,,,,,,,,
,Colombia,,,,,,,,,,,,
,Comoros,,,,,,,,,,,,
,Congo (Brazzaville),,,,,,,,,,,,
,Congo (Kinshasa),,,,,,,,,,,,
,Cook Islands,,,,,,,,,,,,
,Costa Rica,,,,,,,,,,,,
,Cote d'Ivoire,,,,,,,,,,,,
,Croatia,,,,,,,,,,,,
,Cuba,,,,,,,,,,,,
,Curacao,,,,,,,,,,,,
,Cyprus,,,,,,,,,,,,
,Czech Republic,,,,,,,,,,,,
,Denmark,,,,,,,,,,,,
,Djibouti,,,,,,,,,,,,
,Dominica,,,,,,,,,,,,
,Dominican Republic,,,,,,,,,,,,
,Ecuador,,,,,,,,,,,,
,Egypt,"17,119",,,,,,,,,,,
,El Salvador,,,,,,,,,,,,
,Equatorial Guinea,,,,,,,,,,,,
,Eritrea,,,,,,,,,,,,
,Estonia,,,,,,,,,,,,
,Eswatini,,,,,,,,,,,,
,Ethiopia,,,,,,,,,,,,
,Falkland Islands (Islas Malvinas),,,,,,,,,,,,
,Faroe Islands,,,,,,,,,,,,
,Fiji,,,,,,,,,,,,
,Finland,,,,,,,,,,,,
,France,,,"5,333","12,156","9,072",,,,,,,
,French Guiana,,,,,,,,,,,,
,French Polynesia,,,,,,,,,,,,
,French Southern and Antarctic Lands,,,,,,,,,,,,
,Gabon,,,,,,,,,,,,
,Gambia,,,,,,,,,,,,
,Gaza Strip Administered by Israel,,,,,,,,,,,,
,Georgia,,,,,,,,,,,,
,Germany,,"55,090",,,,,,,,,,
,Ghana,,,,,,,,,,,,
,Gibraltar,,,,,,,,,,,,
,Greece,,,,,,,,,,,,
,Greenland,,,,,,,,,,,,
,Grenada,,,,,,,,,,,,
,Guadeloupe,,,,,,,,,,,,
,Guatemala,,,,,,,,,,,,
,Guinea,,,,,,,,,,,,
,Guinea-Bissau,,,,,,,,,,,,
,Guyana,,,,,,,,,,,,
,Haiti,,,,,,,,,,,,
,Heard and McDonald Islands,,,,,,,,,,,,
,Honduras,,,,,,,,,,,,
,Hong Kong,,,,,"25,013",,,,,,,
,Hungary,,,,,,,,,,,,
,Iceland,,,,,,,,,,,,
,India,,,,,,,,,,,,
,Indonesia,,,,,,,,,,,,
,Iran,,,,,,,,,,,,
,Iraq,,,,,,,,,,,,
,Ireland,,,,,,,,,,,,
,Israel,,,,,,,"5,530",,,,,
,Italy,,,,"11,550",,,,,,,,
,Jamaica,,,,,,,,,,,,
,Japan,"212,632","536,056","448,272","392,156","184,273","197,535","88,711","108,719","141,149","13,163","2,601","7,714"
,Jordan,,,,,,,,,,,,
,Kazakhstan,,,,,,,,,,,,
,Kenya,,,,,,,,,,,,
,Kiribati,,,,,,,,,,,,
,"Korea, North",,,,,,,,,,,,
,"Korea, South",,"32,674",,,,,,,,,,
,Kosovo,,,,,,,,,,,,
,Kuwait,,,,,,,,,,,,
,Kyrgyzstan,,,,,,,,,,,,
,Laos,,,,,,,,,,,,
,Latvia,,,,,,,,,,,,
,Lebanon,,,,,,,,,,,,
,Lesotho,,,,,,,,,,,,
,Liberia,,,,,,,,,,,,
,Libya,,,,,,,,,,,,
,Liechtenstein,,,,,,,,,,,,
,Lithuania,,,,,,,,,,,,
,Luxembourg,,,,,,,,,,,,
,Macau,,,,,,,,,,,,
,Macedonia,,,,,,,,,,,,
,Madagascar,,,,,,,,,,,,
,Malawi,,,,,,,,,,,,
,Malaysia,,,,,,,,,,,,
,Maldives,,,,,,,,,,,,
,Mali,,,,,,,,,,,,
,Malta,,,,,,,,,,,,
,Marshall Islands,,,,,,,,,,,,
,Martinique,,,,,,,,,,,,
,Mauritania,,,,,,,,,,,,
,Mauritius,,,,,,,,,,,,
,Mayotte,,,,,,,,,,,,
,Mexico,,,,,,,,,,,,
,Micronesia,,,,,,,,,,,,
,Moldova,,,,,,,,,,,,
,Monaco,,,,,,,,,,,,
,Mongolia,,,,,,,,,,,,
,Montenegro,,,,,,,,,,,,
,Montserrat,,,,,,,,,,,,
,Morocco,,,,,,,,,,,,
,Mozambique,,,,,,,,,,,,
,Namibia,,,,,,,,,,,,
,Nauru,,,,,,,,,,,,
,Nepal,,,,,,,,,,,,
,Netherlands,,,,,,,,,,,,
,Netherlands Antilles (through Apr 2011),,,,,,,,,,,,
,New Caledonia,,,,,,,,,,,,
,New Zealand,,,,,,,,,,,,
,Nicaragua,,,,,,,,,,,,
,Niger,,,,,,,,,,,,
,Nigeria,,,,,,,,,,,,
,Niue,,,,,,,,,,,,
,Norfolk Island,,,,,,,,,,,,
,Norway,,,,,,,,,,,,
,Oman,,,,,,,,,,,,
,Pakistan,,,,,,,,,,,,
,Palau,,,,,,,,,,,,
,Panama,,,,,,,,,,,,
,Papua New Guinea,,,,,,,,,,,,
,Paraguay,,,,,,,,,,,,
,Peru,,,,,,,,,,,,
,Philippines,,,,,,,,,,,,
,Pitcairn Islands,,,,,,,,,,,,
,Poland,,,,,,,,,,,,
,Portugal,,,,,,,,,,,,
,Qatar,,,,,,,,,,,,
,Reunion,,,,,,,,,,,,
,Romania,,,,,,,,,,,,
,Russia,,,,,,,,,,,,
,Rwanda,,,,,,,,,,,,
,Samoa,,,,,,,,,,,,
,San Marino,,,,,,,,,,,,
,Sao Tome and Principe,,,,,,,,,,,,
,Saudi Arabia,,,,,,,,,,,,
,Senegal,,,,,,,,,,,,
,Serbia,,,,,,,,,,,,
,Serbia (Jan 2007 - Dec 2008),,,,,,,,,,,,
,Serbia and Montenegro (Aug 2003 - Dec 2006),,,,,,,,,,,,
,Seychelles,,,,,,,,,,,,
,Sierra Leone,,,,,,,,,,,,
,Singapore,,,,,,,,,,,,
,Sint Maarten,,,,,,,,,,,,
,Slovakia,,,,,,,,,,,,
,Slovenia,,,,,,,,,,,,
,Solomon Islands,,,,,,,,,,,,
,Somalia,,,,,,,,,,,,
,South Africa,,,,,,,,,,,,
,South Sudan,,,,,,,,,,,,
,Spain,,,,"8,729",,,,,,,,
,Sri Lanka,,,,,,,,,,,,
,St Helena,,,,,,,,,,,,
,St Kitts and Nevis,,,"2,850","2,925",,,,,,,,
,St Lucia,,,,,,,,,,,,
,St Pierre and Miquelon,,,,,,,,,,,,
,St Vincent and the Grenadines,,,,,,,,,,,,
,Sudan,,,,,,,,,,,,
,Sudan (through Jul 2011),,,,,,,,,,,,
,Suriname,,,,,,,,,,,,
,"Svalbard, Jan Mayen Island",,,,,,,,,,,,
,Sweden,,,,,,,,,,,,
,Switzerland,,,,,,,,,,,,
,Syria,,,,,,,,,,,,
,Taiwan,,,,,,,,,,,,
,Tajikistan,,,,,,,,,,,,
,Tanzania,,,,,,,,,,,,
,Thailand,,,,,,,,,,,,
,Timor-Leste,,,,,,,,,,,,
,Togo,,,,,,,,,,,,
,Tokelau,,,,,,,,,,,,
,Tonga,,,,,,,,,,,,
,Trinidad and Tobago,,,,,,,,,,,,
,Tunisia,,,,,,,,,,,,
,Turkey,,,,,,,,,,,,
,Turkmenistan,,,,,,,,,,,,
,Turks and Caicos Islands,,,,,,,,,,,,
,Tuvalu,,,,,,,,,,,,
,Uganda,,,,,,,,,,,,
,Ukraine,,,,,,,,,,,,
,United Arab Emirates,,,,,,,,,,,,
,United Kingdom,,,,,,,,,,,,
,Uruguay,,,,,,,,,,,,
,Uzbekistan,,,,,,,,,,,,
,Vanuatu,,,,,,,,,,,,
,Vatican City,,,,,,,,,,,,
,Venezuela,,,,,,,,,,,,
,Vietnam,,,,,,,,,,,,
,Wallis and Futuna,,,,,,,,,,,,
,West Bank Administered by Israel,,,,,,,,,,,,
,Western Sahara (through Dec 2020),,,,,,,,,,,,
,Yemen,,,,,,,,,,,,
,Zambia,,,,,,,,,,,,
,Zimbabwe,,,,,,,,,,,,
,International Organizations,,,,,,,,,,,,
,Unidentified Countries,,,,,,,,,,,,
"0303 Fish, Frozen (no Fish Fillets Or Other Fish Meat)",World Total,"535,113","130,636","560,973","391,026","502,710","166,821","187,289","418,498","701,494","514,855","596,119","311,820"
,Afghanistan,,,,,,,,,,,,
,Albania,,,,,,,,,,,,
,Algeria,,,,,,,,,,,,
,Andorra,,,,,,,,,,,,
,Angola,,,,,,,,,,,,
,Anguilla,,,,,,,,,,,,
,Antigua and Barbuda,,,,,,,,,,,,
,Argentina,,,,,,,,,,,,
,Armenia,,,,,,,,,,,,
,Aruba,,,,,,,,,,,,
,Australia,,,,,,,,,,,,
,Austria,,,,,,,,,,,,
,Azerbaijan,,,,,,,,,,,,
,Bahamas,,,,,,,,,,,,
,Bahrain,,,,,,,,,,,,
,Bangladesh,,,,,,,,,,,,
,Barbados,,,,,,,,,,,,
,Belarus,,,,,,,,,,,,
,Belgium,,,,,,,,,,,,
,Belize,,,,,,,,,,,,
,Benin,,,,,,,,,,,,
,Bermuda,,,,,,,,,,,,
,Bhutan,,,,,,,,,,,,
,Bolivia,,,,,,,,,,,,
,Bosnia and Herzegovina,,,,,,,,,,,,
,Botswana,,,,,,,,,,,,
,Brazil,,,,,,,,,,,,
,British Indian Ocean Territories,,,,,,,,,,,,
,British Virgin Islands,,,,,,,,,,,,
,Brunei,,,,,,,,,,,,
,Bulgaria,,,,,,,,,,,,
,Burkina Faso,,,,,,,,,,,,
,Burma,,,,,,,,,,,,
,Burundi,,,,,,,,,,,,
,Cabo Verde,,,,,,,,,,,,
,Cambodia,,,,,,,,,,,,
,Cameroon,,,,,,,,,,,,
,Canada,"42,494","119,732","184,625","186,162","502,710","163,867","187,289","204,388","97,512","25,231","124,577","25,638"
,Cayman Islands,"6,829","10,904","3,350",,,,,,,,,
,Central African Republic,,,,,,,,,,,,
,Chad,,,,,,,,,,,,
,Chile,,,,,,,,,,,,
,China,"131,805",,,,,,,"69,990",,,,"3,481"
,Christmas Island,,,,,,,,,,,,
,Cocos (Keeling) Islands,,,,,,,,,,,,
,Colombia,,,,,,,,,,,,
,Comoros,,,,,,,,,,,,
,Congo (Brazzaville),,,,,,,,,,,,
,Congo (Kinshasa),,,,,,,,,,,,
,Cook Islands,,,,,,,,,,,,
,Costa Rica,,,,,,,,,,,,
,Cote d'Ivoire,,,,,,,,,,,,
,Croatia,,,,,,,,,,,,
,Cuba,,,,,,,,,,,,
,Curacao,,,,,,,,,,,,
,Cyprus,,,,,,,,,,,,
,Czech Republic,,,,,,,,,,,,
,Denmark,,,,,,,,,,,,
,Djibouti,,,,,,,,,,,,
,Dominica,,,,,,,,,,,,
,Dominican Republic,,,,,,,,,,,,
,Ecuador,,,,,,,,,,,,
,Egypt,,,,,,,,,,,,
,El Salvador,,,,,,,,,,,,
,Equatorial Guinea,,,,,,,,,,,,
,Eritrea,,,,,,,,,,,,
,Estonia,,,,,,,,,,,,
,Eswatini,,,,,,,,,,,,
,Ethiopia,,,,,,,,,,,,
,Falkland Islands (Islas Malvinas),,,,,,,,,,,,
,Faroe Islands,,,,,,,,,,,,
,Fiji,,,,,,,,,,,,
,Finland,,,,,,,,,,,,
,France,"116,393",,,,,,,,,,,
,French Guiana,,,,,,,,,,,,
,French Polynesia,,,,,,,,,,,,
,French Southern and Antarctic Lands,,,,,,,,,,,,
,Gabon,,,,,,,,,,,,
,Gambia,,,,,,,,,,,,
,Gaza Strip Administered by Israel,,,,,,,,,,,,
,Georgia,,,,,,,,,,,,
,Germany,,,,,,,,,,,"367,180",
,Ghana,,,,,,,,,,,,
,Gibraltar,,,,,,,,,,,,
,Greece,,,,,,,,,,,,
,Greenland,,,,,,,,,,,,
,Grenada,,,,,,,,,,,,
,Guadeloupe,,,,,,,,,,,,
,Guatemala,,,,,,,,,,,,
,Guinea,,,,,,,,,,,,
,Guinea-Bissau,,,,,,,,,,,,
,Guyana,,,,,,,,,,,,
,Haiti,,,,,,,,,,,,
,Heard and McDonald Islands,,,,,,,,,,,,
,Honduras,,,,,,,,,,,,
,Hong Kong,,,,,,,,"14,520",,,,
,Hungary,,,,,,,,,,,,
,Iceland,,,,,,,,,,,,"40,000"
,India,,,,,,,,,,,,
,Indonesia,,,,,,,,,,,,
,Iran,,,,,,,,,,,,
,Iraq,,,,,,,,,,,,
,Ireland,,,,,,,,,,,,
,Israel,,,,,,,,,,,,
,Italy,,,,,,,,,,,,
,Jamaica,,,,,,,,,,,,
,Japan,,,,,,,,,"10,700","54,224",,
,Jordan,,,,,,,,,,,,
,Kazakhstan,,,,,,,,,,,,
,Kenya,,,,,,,,,,,,
,Kiribati,,,,,,,,,,,,
,"Korea, North",,,,,,,,,,,,
,"Korea, South","237,592",,"330,862","201,507",,,,"129,600","319,680","212,880","104,362","242,701"
,Kosovo,,,,,,,,,,,,
,Kuwait,,,,,,,,,,,,
,Kyrgyzstan,,,,,,,,,,,,
,Laos,,,,,,,,,,,,
,Latvia,,,,,,,,,,,,
,Lebanon,,,,,,,,,,,,
,Lesotho,,,,,,,,,,,,
,Liberia,,,,,,,,,,,,
,Libya,,,,,,,,,,,,
,Liechtenstein,,,,,,,,,,,,
,Lithuania,,,,,,,,,,,,
,Luxembourg,,,,,,,,,,,,
,Macau,,,,,,,,,,,,
,Macedonia,,,,,,,,,,,,
,Madagascar,,,,,,,,,,,,
,Malawi,,,,,,,,,,,,
,Malaysia,,,,,,,,,,,,
,Maldives,,,,,,,,,,,,
,Mali,,,,,,,,,,,,
,Malta,,,,,,,,,,,,
,Marshall Islands,,,,,,,,,,,,
,Martinique,,,,,,,,,,,,
,Mauritania,,,,,,,,,,,,
,Mauritius,,,,,,,,,,,,
,Mayotte,,,,,,,,,,,,
,Mexico,,,,,,,,,,,,
,Micronesia,,,,,,,,,,,,
,Moldova,,,,,,,,,,,,
,Monaco,,,,,,,,,,,,
,Mongolia,,,,,,,,,,,,
,Montenegro,,,,,,,,,,,,
,Montserrat,,,,,,,,,,,,
,Morocco,,,,,,,,,,,,
,Mozambique,,,,,,,,,,,,
,Namibia,,,,,,,,,,,,
,Nauru,,,,,,,,,,,,
,Nepal,,,,,,,,,,,,
,Netherlands,,,,,,,,,,,,
,Netherlands Antilles (through Apr 2011),,,,,,,,,,,,
,New Caledonia,,,,,,,,,,,,
,New Zealand,,,,,,,,,,,,
,Nicaragua,,,,,,,,,,,,
,Niger,,,,,,,,,,,,
,Nigeria,,,,,,,,,,,,
,Niue,,,,,,,,,,,,
,Norfolk Island,,,,,,,,,,,,
,Norway,,,,,,,,,,,,
,Oman,,,,,,,,,,,,
,Pakistan,,,,,,,,,,,,
,Palau,,,,,,,,,,,,
,Panama,,,,,,,,,,,,
,Papua New Guinea,,,,,,,,,,,,
,Paraguay,,,,,,,,,,,,
,Peru,,,,,,,,,,,,
,Philippines,,,,,,,,,,,,
,Pitcairn Islands,,,,,,,,,,,,
,Poland,,,,,,,,,,,,
,Portugal,,,"25,000",,,,,,,,,
,Qatar,,,,,,,,,,,,
,Reunion,,,,,,,,,,,,
,Romania,,,,,,,,,,,,
,Russia,,,,,,,,,,,,
,Rwanda,,,,,,,,,,,,
,Samoa,,,,,,,,,,,,
,San Marino,,,,,,,,,,,,
,Sao Tome and Principe,,,,,,,,,,,,
,Saudi Arabia,,,,,,,,,,,,
,Senegal,,,,,,,,,,,,
,Serbia,,,,,,,,,,,,
,Serbia (Jan 2007 - Dec 2008),,,,,,,,,,,,
,Serbia and Montenegro (Aug 2003 - Dec 2006),,,,,,,,,,,,
,Seychelles,,,,,,,,,,,,
,Sierra Leone,,,,,,,,,,,,
,Singapore,,,,,,,,,,,,
,Sint Maarten,,,,,,,,,,,,
,Slovakia,,,,,,,,,,,,
,Slovenia,,,,,,,,,,,,
,Solomon Islands,,,,,,,,,,,,
,Somalia,,,,,,,,,,,,
,South Africa,,,,,,,,,,,,
,South Sudan,,,,,,,,,,,,
,Spain,,,"13,936","3,357",,"2,954",,,,,,
,Sri Lanka,,,,,,,,,,,,
,St Helena,,,,,,,,,,,,
,St Kitts and Nevis,,,"3,200",,,,,,,,,
,St Lucia,,,,,,,,,,,,
,St Pierre and Miquelon,,,,,,,,,,,,
,St Vincent and the Grenadines,,,,,,,,,,,,
,Sudan,,,,,,,,,,,,
,Sudan (through Jul 2011),,,,,,,,,,,,
,Suriname,,,,,,,,,,,,
,"Svalbard, Jan Mayen Island",,,,,,,,,,,,
,Sweden,,,,,,,,,,,,
,Switzerland,,,,,,,,,,,,
,Syria,,,,,,,,,,,,
,Taiwan,,,,,,,,,,"47,520",,
,Tajikistan,,,,,,,,,,,,
,Tanzania,,,,,,,,,,,,
,Thailand,,,,,,,,,,,,
,Timor-Leste,,,,,,,,,,,,
,Togo,,,,,,,,,,,,
,Tokelau,,,,,,,,,,,,
,Tonga,,,,,,,,,,,,
,Trinidad and Tobago,,,,,,,,,,,,
,Tunisia,,,,,,,,,,,,
,Turkey,,,,,,,,,,,,
,Turkmenistan,,,,,,,,,,,,
,Turks and Caicos Islands,,,,,,,,,,,,
,Tuvalu,,,,,,,,,,,,
,Uganda,,,,,,,,,,,,
,Ukraine,,,,,,,,,,,,
,United Arab Emirates,,,,,,,,,,,,
,United Kingdom,,,,,,,,,"187,202","175,000",,
,Uruguay,,,,,,,,,,,,
,Uzbekistan,,,,,,,,,,,,
,Vanuatu,,,,,,,,,,,,
,Vatican City,,,,,,,,,,,,
,Venezuela,,,,,,,,,,,,
,Vietnam,,,,,,,,,"86,400",,,
,Wallis and Futuna,,,,,,,,,,,,
,West Bank Administered by Israel,,,,,,,,,,,,
,Western Sahara (through Dec 2020),,,,,,,,,,,,
,Yemen,,,,,,,,,,,,
,Zambia,,,,,,,,,,,,
,Zimbabwe,,,,,,,,,,,,
,International Organizations,,,,,,,,,,,,
,Unidentified Countries,,,,,,,,,,,,
"0304 Fish Fillets & Oth Fish Meat, Fresh, Chill Or Froz",World Total,"7,871,417","17,950,510","24,512,617","31,240,351","19,161,309","46,169,241","52,924,048","58,798,220","59,902,613","41,790,894","31,413,096","30,732,187"
,Afghanistan,,,,,,,,,,,,
,Albania,,,,,,,,,,,,
,Algeria,,,,,,,,,,,,
,Andorra,,,,,,,,,,,,
,Angola,,,,,,,,,,,,
,Anguilla,,,,,,,,,,,,
,Antigua and Barbuda,,,,,,,,,,,,
,Argentina,,,"121,060",,,,,,,,,
,Armenia,,,,,,,,,,,,
,Aruba,,,,,,,,,,,,
,Australia,,,,,,,,,,,,
,Austria,,,,,,,,,,,,
,Azerbaijan,,,,,,,,,,,,
,Bahamas,,,,,,,,,,,,
,Bahrain,,,,,,,,,,,,
,Bangladesh,,,,,,,,,,,,
,Barbados,,,,,,,,,,,,
,Belarus,,,,,,,,,,,,
,Belgium,,,,,,,,,,,,
,Belize,,,,,,,,,,,,
,Benin,,,,,,,,,,,,
,Bermuda,,,,,,,,,,,,
,Bhutan,,,,,,,,,,,,
,Bolivia,,,,,,,,,,,,
,Bosnia and Herzegovina,,,,,,,,,,,,
,Botswana,,,,,,,,,,,,
,Brazil,,,,,,,,,,,,
,British Indian Ocean Territories,,,,,,,,,,,,
,British Virgin Islands,,,,,,,,,,,,
,Brunei,,,,,,,,,,,,
,Bulgaria,,,,,,,,,,,,
,Burkina Faso,,,,,,,,,,,,
,Burma,,,,,,,,,,,,
,Burundi,,,,,,,,,,,,
,Cabo Verde,,,,,,,,,,,,
,Cambodia,,,,,,,,,,,,
,Cameroon,,,,,,,,,,,,
,Canada,"7,819,967","17,668,279","24,391,557","31,240,351","19,161,309","46,169,241","52,887,147","58,761,319","59,902,613","41,763,148","31,413,096","30,732,187"
,Cayman Islands,"5,292",,,,,,,,,,,
,Central African Republic,,,,,,,,,,,,
,Chad,,,,,,,,,,,,
,Chile,,,,,,,,,,,,
,China,,"72,231",,,,,,,,,,
,Christmas Island,,,,,,,,,,,,
,Cocos (Keeling) Islands,,,,,,,,,,,,
,Colombia,,,,,,,,,,,,
,Comoros,,,,,,,,,,,,
,Congo (Brazzaville),,,,,,,,,,,,
,Congo (Kinshasa),,,,,,,,,,,,
,Cook Islands,,,,,,,,,,,,
,Costa Rica,,,,,,,,,,,,
,Cote d'Ivoire,,,,,,,,,,,,
,Croatia,,,,,,,,,,,,
,Cuba,,,,,,,,,,,,
,Curacao,,,,,,,,,,,,
,Cyprus,,,,,,,,,,,,
,Czech Republic,,,,,,,,,,,,
,Denmark,,,,,,,,,,,,
,Djibouti,,,,,,,,,,,,
,Dominica,,,,,,,,,,,,
,Dominican Republic,,,,,,,,,,,,
,Ecuador,,,,,,,,,,,,
,Egypt,,,,,,,,,,,,
,El Salvador,,,,,,,,,,,,
,Equatorial Guinea,,,,,,,,,,,,
,Eritrea,,,,,,,,,,,,
,Estonia,,,,,,,,,,,,
,Eswatini,,,,,,,,,,,,
,Ethiopia,,,,,,,,,,,,
,Falkland Islands (Islas Malvinas),,,,,,,,,,,,
,Faroe Islands,,,,,,,,,,,,
,Fiji,,,,,,,,,,,,
,Finland,,,,,,,,,,,,
,France,,,,,,,,,,,,
,French Guiana,,,,,,,,,,,,
,French Polynesia,,,,,,,,,,,,
,French Southern and Antarctic Lands,,,,,,,,,,,,
,Gabon,,,,,,,,,,,,
,Gambia,,,,,,,,,,,,
,Gaza Strip Administered by Israel,,,,,,,,,,,,
,Georgia,,,,,,,,,,,,
,Germany,,,,,,,,,,,,
,Ghana,,,,,,,,,,,,
,Gibraltar,,,,,,,,,,,,
,Greece,,,,,,,,,,,,
,Greenland,,,,,,,,,,,,
,Grenada,,,,,,,,,,,,
,Guadeloupe,,,,,,,,,,,,
,Guatemala,,,,,,,,,,,,
,Guinea,,,,,,,,,,,,
,Guinea-Bissau,,,,,,,,,,,,
,Guyana,,,,,,,,,,,,
,Haiti,,,,,,,,,,,,
,Heard and McDonald Islands,,,,,,,,,,,,
,Honduras,,,,,,,,,,,,
,Hong Kong,"46,158","210,000",,,,,,,,,,
,Hungary,,,,,,,,,,,,
,Iceland,,,,,,,,,,,,
,India,,,,,,,,,,,,
,Indonesia,,,,,,,,,,"27,746",,
,Iran,,,,,,,,,,,,
,Iraq,,,,,,,,,,,,
,Ireland,,,,,,,,,,,,
,Israel,,,,,,,,,,,,
,Italy,,,,,,,,,,,,
,Jamaica,,,,,,,,,,,,
,Japan,,,,,,,,,,,,
,Jordan,,,,,,,,,,,,
,Kazakhstan,,,,,,,,,,,,
,Kenya,,,,,,,,,,,,
,Kiribati,,,,,,,,,,,,
,"Korea, North",,,,,,,,,,,,
,"Korea, South",,,,,,,,,,,,
,Kosovo,,,,,,,,,,,,
,Kuwait,,,,,,,,,,,,
,Kyrgyzstan,,,,,,,,,,,,
,Laos,,,,,,,,,,,,
,Latvia,,,,,,,,,,,,
,Lebanon,,,,,,,,,,,,
,Lesotho,,,,,,,,,,,,
,Liberia,,,,,,,,,,,,
,Libya,,,,,,,,,,,,
,Liechtenstein,,,,,,,,,,,,
,Lithuania,,,,,,,,,,,,
,Luxembourg,,,,,,,,,,,,
,Macau,,,,,,,,,,,,
,Macedonia,,,,,,,,,,,,
,Madagascar,,,,,,,,,,,,
,Malawi,,,,,,,,,,,,
,Malaysia,,,,,,,,,,,,
,Maldives,,,,,,,,,,,,
,Mali,,,,,,,,,,,,
,Malta,,,,,,,,,,,,
,Marshall Islands,,,,,,,,,,,,
,Martinique,,,,,,,,,,,,
,Mauritania,,,,,,,,,,,,
,Mauritius,,,,,,,,,,,,
,Mayotte,,,,,,,,,,,,
,Mexico,,,,,,,,,,,,
,Micronesia,,,,,,,,,,,,
,Moldova,,,,,,,,,,,,
,Monaco,,,,,,,,,,,,
,Mongolia,,,,,,,,,,,,
,Montenegro,,,,,,,,,,,,
,Montserrat,,,,,,,,,,,,
,Morocco,,,,,,,,,,,,
,Mozambique,,,,,,,,,,,,
,Namibia,,,,,,,,,,,,
,Nauru,,,,,,,,,,,,
,Nepal,,,,,,,,,,,,
,Netherlands,,,,,,,,,,,,
,Netherlands Antilles (through Apr 2011),,,,,,,,,,,,
,New Caledonia,,,,,,,,,,,,
,New Zealand,,,,,,,,,,,,
,Nicaragua,,,,,,,,,,,,
,Niger,,,,,,,,,,,,
,Nigeria,,,,,,,,,,,,
,Niue,,,,,,,,,,,,
,Norfolk Island,,,,,,,,,,,,
,Norway,,,,,,,,,,,,
,Oman,,,,,,,,,,,,
,Pakistan,,,,,,,,,,,,
,Palau,,,,,,,,,,,,
,Panama,,,,,,,,,,,,
,Papua New Guinea,,,,,,,,,,,,
,Paraguay,,,,,,,,,,,,
,Peru,,,,,,,,,,,,
,Philippines,,,,,,,,,,,,
,Pitcairn Islands,,,,,,,,,,,,
,Poland,,,,,,,,,,,,
,Portugal,,,,,,,"36,901","36,901",,,,
,Qatar,,,,,,,,,,,,
,Reunion,,,,,,,,,,,,
,Romania,,,,,,,,,,,,
,Russia,,,,,,,,,,,,
,Rwanda,,,,,,,,,,,,
,Samoa,,,,,,,,,,,,
,San Marino,,,,,,,,,,,,
,Sao Tome and Principe,,,,,,,,,,,,
,Saudi Arabia,,,,,,,,,,,,
,Senegal,,,,,,,,,,,,
,Serbia,,,,,,,,,,,,
,Serbia (Jan 2007 - Dec 2008),,,,,,,,,,,,
,Serbia and Montenegro (Aug 2003 - Dec 2006),,,,,,,,,,,,
,Seychelles,,,,,,,,,,,,
,Sierra Leone,,,,,,,,,,,,
,Singapore,,,,,,,,,,,,
,Sint Maarten,,,,,,,,,,,,
,Slovakia,,,,,,,,,,,,
,Slovenia,,,,,,,,,,,,
,Solomon Islands,,,,,,,,,,,,
,Somalia,,,,,,,,,,,,
,South Africa,,,,,,,,,,,,
,South Sudan,,,,,,,,,,,,
,Spain,,,,,,,,,,,,
,Sri Lanka,,,,,,,,,,,,
,St Helena,,,,,,,,,,,,
,St Kitts and Nevis,,,,,,,,,,,,
,St Lucia,,,,,,,,,,,,
,St Pierre and Miquelon,,,,,,,,,,,,
,St Vincent and the Grenadines,,,,,,,,,,,,
,Sudan,,,,,,,,,,,,
,Sudan (through Jul 2011),,,,,,,,,,,,
,Suriname,,,,,,,,,,,,
,"Svalbard, Jan Mayen Island",,,,,,,,,,,,
,Sweden,,,,,,,,,,,,
,Switzerland,,,,,,,,,,,,
,Syria,,,,,,,,,,,,
,Taiwan,,,,,,,,,,,,
,Tajikistan,,,,,,,,,,,,
,Tanzania,,,,,,,,,,,,
,Thailand,,,,,,,,,,,,
,Timor-Leste,,,,,,,,,,,,
,Togo,,,,,,,,,,,,
,Tokelau,,,,,,,,,,,,
,Tonga,,,,,,,,,,,,
,Trinidad and Tobago,,,,,,,,,,,,
,Tunisia,,,,,,,,,,,,
,Turkey,,,,,,,,,,,,
,Turkmenistan,,,,,,,,,,,,
,Turks and Caicos Islands,,,,,,,,,,,,
,Tuvalu,,,,,,,,,,,,
,Uganda,,,,,,,,,,,,
,Ukraine,,,,,,,,,,,,
,United Arab Emirates,,,,,,,,,,,,
,United Kingdom,,,,,,,,,,,,
,Uruguay,,,,,,,,,,,,
,Uzbekistan,,,,,,,,,,,,
,Vanuatu,,,,,,,,,,,,
,Vatican City,,,,,,,,,,,,
,Venezuela,,,,,,,,,,,,
,Vietnam,,,,,,,,,,,,
,Wallis and Futuna,,,,,,,,,,,,
,West Bank Administered by Israel,,,,,,,,,,,,
,Western Sahara (through Dec 2020),,,,,,,,,,,,
,Yemen,,,,,,,,,,,,
,Zambia,,,,,,,,,,,,
,Zimbabwe,,,,,,,,,,,,
,International Organizations,,,,,,,,,,,,
,Unidentified Countries,,,,,,,,,,,,
"0305 Fish, Dried, Salted Or In Brine; Smoked Fish",World Total,"20,037","25,960","26,385","37,034","77,410","110,281","41,434","18,474","46,966","129,341","57,088","350,526"
,Afghanistan,,,,,,,,,,,,
,Albania,,,,,,,,,,,,
,Algeria,,,,,,,,,,,,
,Andorra,,,,,,,,,,,,
,Angola,,,,,,,,,,,,
,Anguilla,,,,,,,,,,,,
,Antigua and Barbuda,,,,,,,,,,,,
,Argentina,,,,,,,,,,,,
,Armenia,,,,,,,,,,,,
,Aruba,,,,,,,,,,,,
,Australia,,,,,,,,,,,,
,Austria,,,,,,,,,,,,
,Azerbaijan,,,,,,,,,,,,
,Bahamas,,,,,,,,,,,,
,Bahrain,,,,,,,,,,,,
,Bangladesh,,,,,,,,,,,,
,Barbados,,,,,,,,,,,,
,Belarus,,,,,,,,,,,,
,Belgium,,,,,,,,,,,,
,Belize,,,,,,,,,,,,
,Benin,,,,,,,,,,,,
,Bermuda,,,,,,,,,,"39,295","53,291","92,898"
,Bhutan,,,,,,,,,,,,
,Bolivia,,,,,,,,,,,,
,Bosnia and Herzegovina,,,,,,,,,,,,
,Botswana,,,,,,,,,,,,
,Brazil,,,,,,,,,,,,
,British Indian Ocean Territories,,,,,,,,,,,,
,British Virgin Islands,,,,,,,,,,,,
,Brunei,,,,,,,,,,,,
,Bulgaria,,,,,,,,,,,,
,Burkina Faso,,,,,,,,,,,,
,Burma,,,,,,,,,,,,
,Burundi,,,,,,,,,,,,
,Cabo Verde,,,,,,,,,,,,
,Cambodia,,,,,,,,,,,,
,Cameroon,,,,,,,,,,,,
,Canada,"20,037","25,960","26,385","37,034","77,410","110,281","41,434","18,474","46,966","75,281","3,797","257,628"
,Cayman Islands,,,,,,,,,,"4,725",,
,Central African Republic,,,,,,,,,,,,
,Chad,,,,,,,,,,,,
,Chile,,,,,,,,,,,,
,China,,,,,,,,,,,,
,Christmas Island,,,,,,,,,,,,
,Cocos (Keeling) Islands,,,,,,,,,,,,
,Colombia,,,,,,,,,,,,
,Comoros,,,,,,,,,,,,
,Congo (Brazzaville),,,,,,,,,,,,
,Congo (Kinshasa),,,,,,,,,,,,
,Cook Islands,,,,,,,,,,,,
,Costa Rica,,,,,,,,,,,,
,Cote d'Ivoire,,,,,,,,,,,,
,Croatia,,,,,,,,,,,,
,Cuba,,,,,,,,,,,,
,Curacao,,,,,,,,,,,,
,Cyprus,,,,,,,,,,,,
,Czech Republic,,,,,,,,,,,,
,Denmark,,,,,,,,,,,,
,Djibouti,,,,,,,,,,,,
,Dominica,,,,,,,,,,,,
,Dominican Republic,,,,,,,,,,,,
,Ecuador,,,,,,,,,,,,
,Egypt,,,,,,,,,,,,
,El Salvador,,,,,,,,,,,,
,Equatorial Guinea,,,,,,,,,,,,
,Eritrea,,,,,,,,,,,,
,Estonia,,,,,,,,,,,,
,Eswatini,,,,,,,,,,,,
,Ethiopia,,,,,,,,,,,,
,Falkland Islands (Islas Malvinas),,,,,,,,,,,,
,Faroe Islands,,,,,,,,,,,,
,Fiji,,,,,,,,,,,,
,Finland,,,,,,,,,,,,
,France,,,,,,,,,,,,
,French Guiana,,,,,,,,,,,,
,French Polynesia,,,,,,,,,,,,
,French Southern and Antarctic Lands,,,,,,,,,,,,
,Gabon,,,,,,,,,,,,
,Gambia,,,,,,,,,,,,
,Gaza Strip Administered by Israel,,,,,,,,,,,,
,Georgia,,,,,,,,,,,,
,Germany,,,,,,,,,,,,
,Ghana,,,,,,,,,,,,
,Gibraltar,,,,,,,,,,,,
,Greece,,,,,,,,,,,,
,Greenland,,,,,,,,,,,,
,Grenada,,,,,,,,,,,,
,Guadeloupe,,,,,,,,,,,,
,Guatemala,,,,,,,,,,,,
,Guinea,,,,,,,,,,,,
,Guinea-Bissau,,,,,,,,,,,,
,Guyana,,,,,,,,,,,,
,Haiti,,,,,,,,,,,,
,Heard and McDonald Islands,,,,,,,,,,,,
,Honduras,,,,,,,,,,,,
,Hong Kong,,,,,,,,,,,,
,Hungary,,,,,,,,,,,,
,Iceland,,,,,,,,,,,,
,India,,,,,,,,,,,,
,Indonesia,,,,,,,,,,,,
,Iran,,,,,,,,,,,,
,Iraq,,,,,,,,,,,,
,Ireland,,,,,,,,,,,,
,Israel,,,,,,,,,,,,
,Italy,,,,,,,,,,,,
,Jamaica,,,,,,,,,,,,
,Japan,,,,,,,,,,,,
,Jordan,,,,,,,,,,,,
,Kazakhstan,,,,,,,,,,,,
,Kenya,,,,,,,,,,,,
,Kiribati,,,,,,,,,,,,
,"Korea, North",,,,,,,,,,,,
,"Korea, South",,,,,,,,,,"10,040",,
,Kosovo,,,,,,,,,,,,
,Kuwait,,,,,,,,,,,,
,Kyrgyzstan,,,,,,,,,,,,
,Laos,,,,,,,,,,,,
,Latvia,,,,,,,,,,,,
,Lebanon,,,,,,,,,,,,
,Lesotho,,,,,,,,,,,,
,Liberia,,,,,,,,,,,,
,Libya,,,,,,,,,,,,
,Liechtenstein,,,,,,,,,,,,
,Lithuania,,,,,,,,,,,,
,Luxembourg,,,,,,,,,,,,
,Macau,,,,,,,,,,,,
,Macedonia,,,,,,,,,,,,
,Madagascar,,,,,,,,,,,,
,Malawi,,,,,,,,,,,,
,Malaysia,,,,,,,,,,,,
,Maldives,,,,,,,,,,,,
,Mali,,,,,,,,,,,,
,Malta,,,,,,,,,,,,
,Marshall Islands,,,,,,,,,,,,
,Martinique,,,,,,,,,,,,
,Mauritania,,,,,,,,,,,,
,Mauritius,,,,,,,,,,,,
,Mayotte,,,,,,,,,,,,
,Mexico,,,,,,,,,,,,
,Micronesia,,,,,,,,,,,,
,Moldova,,,,,,,,,,,,
,Monaco,,,,,,,,,,,,
,Mongolia,,,,,,,,,,,,
,Montenegro,,,,,,,,,,,,
,Montserrat,,,,,,,,,,,,
,Morocco,,,,,,,,,,,,
,Mozambique,,,,,,,,,,,,
,Namibia,,,,,,,,,,,,
,Nauru,,,,,,,,,,,,
,Nepal,,,,,,,,,,,,
,Netherlands,,,,,,,,,,,,
,Netherlands Antilles (through Apr 2011),,,,,,,,,,,,
,New Caledonia,,,,,,,,,,,,
,New Zealand,,,,,,,,,,,,
,Nicaragua,,,,,,,,,,,,
,Niger,,,,,,,,,,,,
,Nigeria,,,,,,,,,,,,
,Niue,,,,,,,,,,,,
,Norfolk Island,,,,,,,,,,,,
,Norway,,,,,,,,,,,,
,Oman,,,,,,,,,,,,
,Pakistan,,,,,,,,,,,,
,Palau,,,,,,,,,,,,
,Panama,,,,,,,,,,,,
,Papua New Guinea,,,,,,,,,,,,
,Paraguay,,,,,,,,,,,,
,Peru,,,,,,,,,,,,
,Philippines,,,,,,,,,,,,
,Pitcairn Islands,,,,,,,,,,,,
,Poland,,,,,,,,,,,,
,Portugal,,,,,,,,,,,,
,Qatar,,,,,,,,,,,,
,Reunion,,,,,,,,,,,,
,Romania,,,,,,,,,,,,
,Russia,,,,,,,,,,,,
,Rwanda,,,,,,,,,,,,
,Samoa,,,,,,,,,,,,
,San Marino,,,,,,,,,,,,
,Sao Tome and Principe,,,,,,,,,,,,
,Saudi Arabia,,,,,,,,,,,,
,Senegal,,,,,,,,,,,,
,Serbia,,,,,,,,,,,,
,Serbia (Jan 2007 - Dec 2008),,,,,,,,,,,,
,Serbia and Montenegro (Aug 2003 - Dec 2006),,,,,,,,,,,,
,Seychelles,,,,,,,,,,,,
,Sierra Leone,,,,,,,,,,,,
,Singapore,,,,,,,,,,,,
,Sint Maarten,,,,,,,,,,,,
,Slovakia,,,,,,,,,,,,
,Slovenia,,,,,,,,,,,,
,Solomon Islands,,,,,,,,,,,,
,Somalia,,,,,,,,,,,,
,South Africa,,,,,,,,,,,,
,South Sudan,,,,,,,,,,,,
,Spain,,,,,,,,,,,,
,Sri Lanka,,,,,,,,,,,,
,St Helena,,,,,,,,,,,,
,St Kitts and Nevis,,,,,,,,,,,,
,St Lucia,,,,,,,,,,,,
,St Pierre and Miquelon,,,,,,,,,,,,
,St Vincent and the Grenadines,,,,,,,,,,,,
,Sudan,,,,,,,,,,,,
,Sudan (through Jul 2011),,,,,,,,,,,,
,Suriname,,,,,,,,,,,,
,"Svalbard, Jan Mayen Island",,,,,,,,,,,,
,Sweden,,,,,,,,,,,,
,Switzerland,,,,,,,,,,,,
,Syria,,,,,,,,,,,,
,Taiwan,,,,,,,,,,,,
,Tajikistan,,,,,,,,,,,,
,Tanzania,,,,,,,,,,,,
,Thailand,,,,,,,,,,,,
,Timor-Leste,,,,,,,,,,,,
,Togo,,,,,,,,,,,,
,Tokelau,,,,,,,,,,,,
,Tonga,,,,,,,,,,,,
,Trinidad and Tobago,,,,,,,,,,,,
,Tunisia,,,,,,,,,,,,
,Turkey,,,,,,,,,,,,
,Turkmenistan,,,,,,,,,,,,
,Turks and Caicos Islands,,,,,,,,,,,,
,Tuvalu,,,,,,,,,,,,
,Uganda,,,,,,,,,,,,
,Ukraine,,,,,,,,,,,,
,United Arab Emirates,,,,,,,,,,,,
,United Kingdom,,,,,,,,,,,,
,Uruguay,,,,,,,,,,,,
,Uzbekistan,,,,,,,,,,,,
,Vanuatu,,,,,,,,,,,,
,Vatican City,,,,,,,,,,,,
,Venezuela,,,,,,,,,,,,
,Vietnam,,,,,,,,,,,,
,Wallis and Futuna,,,,,,,,,,,,
,West Bank Administered by Israel,,,,,,,,,,,,
,Western Sahara (through Dec 2020),,,,,,,,,,,,
,Yemen,,,,,,,,,,,,
,Zambia,,,,,,,,,,,,
,Zimbabwe,,,,,,,,,,,,
,International Organizations,,,,,,,,,,,,
,Unidentified Countries,,,,,,,,,,,,
0306 Crustaceans,World Total,"185,029,168","230,143,807","234,917,677","251,534,764","365,582,856","347,255,514","397,807,567","336,366,432","393,198,072","377,058,660","290,025,192","520,299,544"
,Afghanistan,,,,,,,,,,,,"14,400"
,Albania,,,,,,,,,,,,
,Algeria,,,,,,,,,,,,
,Andorra,,,,,,,,,,,,
,Angola,,,,,,,,,,,,
,Anguilla,,,,,,,,,,,,
,Antigua and Barbuda,,,,,,,,,,,,
,Argentina,,,,,,,,,,,,
,Armenia,,,,,,,,,,,,
,Aruba,,,,,,,,,,"2,862",,
,Australia,,,,,,,,,,"48,804",,
,Austria,,,,,,,,,,,,
,Azerbaijan,,,,,,,,,,,,
,Bahamas,,,,,,,,,,,,
,Bahrain,,,,,,,,,,,,"19,634"
,Bangladesh,,,,,,,,,,,,
,Barbados,,,,,,,,,,,,
,Belarus,,,,,,,,,,,,
,Belgium,,,"55,900","154,240","97,060",,"10,785",,,,"15,180",
,Belize,,,,,,,,,,,,
,Benin,,,,,,,,,,,,
,Bermuda,,,,,,,,,,,,
,Bhutan,,,,,,,,,,,,
,Bolivia,,,,,,,,,,,,
,Bosnia and Herzegovina,,,,,,,,,,,,
,Botswana,,,,,,,,,,,,
,Brazil,,,,,,,,,,,,
,British Indian Ocean Territories,,,,,,,,,,,,
,British Virgin Islands,,,,,,,,,,,,
,Brunei,,,,,,,,,,,,
,Bulgaria,,,,,,,,,,,,
,Burkina Faso,,,,,,,,,,,,
,Burma,,,,,,,,,"18,480","14,520",,
,Burundi,,,,,,,,,,,,
,Cabo Verde,,,,,,,,,,,,
,Cambodia,,,,,,,"2,565","6,450",,,,
,Cameroon,,,,,,,,,,,,
,Canada,"165,697,279","202,739,835","200,692,955","203,651,871","300,442,076","291,414,807","312,007,438","215,897,816","266,236,905","278,553,130","205,415,930","415,037,478"
,Cayman Islands,,,"3,950",,,,,,,,,
,Central African Republic,,,,,,,,,,,,
,Chad,,,,,,,,,,,,
,Chile,,,,,"9,500",,,,,,,
,China,"111,140","1,467,432","7,926,974","15,166,939","21,449,854","19,955,228","40,914,534","57,179,940","53,410,695","27,603,301","42,711,879","32,234,855"
,Christmas Island,,,,,,,,,,,,
,Cocos (Keeling) Islands,,,,,,,,,,,,
,Colombia,,,,,,,,,"9,044",,,
,Comoros,,,,,,,,,,,,
,Congo (Brazzaville),,,,,,,,,,,,
,Congo (Kinshasa),,,,,,,,,,,,
,Cook Islands,,,,,,,,,,,,
,Costa Rica,,,,,,,,,,,"3,392","18,377"
,Cote d'Ivoire,,,,,,,,,,,,
,Croatia,,,,,,,,,,,,
,Cuba,,,,,,,,,,,,
,Curacao,,,,,,,,,,,,
,Cyprus,,,,,,,,,,,,
,Czech Republic,,,,"10,583",,,,,,,,
,Denmark,"1,049,386","131,508",,"26,150","385,523","206,643","1,085,828","295,329",,"673,020","60,360","115,817"
,Djibouti,,,,,,,,,,,,
,Dominica,,,,,,,,,,,,
,Dominican Republic,,,,,"168,192",,,,,,,
,Ecuador,,,,,,,,,,,,
,Egypt,"33,455","77,760",,,,,,,,,,
,El Salvador,,,,,,,,,,,,
,Equatorial Guinea,,,,,,,,,,,,
,Eritrea,,,,,,,,,,,,
,Estonia,,,,,,,,,,,,
,Eswatini,,,,,,,,,,,,
,Ethiopia,,,,,,,,,,,,
,Falkland Islands (Islas Malvinas),,,,,,,,,,,,
,Faroe Islands,"50,000",,,,,,,,,,,
,Fiji,,,,,,,,,,,,
,Finland,,,,,,,,,"12,135","3,597",,"19,908"
,France,"820,377","1,523,602","1,330,934","1,445,117","1,167,870","1,115,981","1,136,057","1,851,994","1,608,541","1,115,863","1,595,577","3,712,424"
,French Guiana,,,,,,,,,,,,
,French Polynesia,,,,,,,,,,,,
,French Southern and Antarctic Lands,,,,,,,,,,,,
,Gabon,,,,,,,,,,,,
,Gambia,,,,,,,,,,,,
,Gaza Strip Administered by Israel,,,,,,,,,,,,
,Georgia,,,,,,,,,,,,
,Germany,"204,898","110,646","49,462","28,021","29,260","630,504",,,,,,
,Ghana,,,,,,,,,,,,
,Gibraltar,,,,,,,,,,,,
,Greece,,"4,500",,"3,804",,,,,"33,386","4,575",,
,Greenland,,,,,,,,,,,,
,Grenada,,,,,,,,,,,,
,Guadeloupe,,,,,,,,,,,,
,Guatemala,,,,,,,,,,,,
,Guinea,,,,,,,,,,,,
,Guinea-Bissau,,,,,,,,,,,,
,Guyana,,,,,,,,,,,,
,Haiti,,,,,,,,,,,,
,Heard and McDonald Islands,,,,,,,,,,,,
,Honduras,,,,,,,,,,,,
,Hong Kong,"718,221","3,310,609","4,541,555","6,037,297","7,722,177","5,821,600","9,692,852","16,155,193","24,373,904","22,541,900","15,438,505","13,296,636"
,Hungary,,,,,,,,,,,,
,Iceland,"60,000","255,000",,,,,,"9,270",,,,
,India,,,,,,,,,,,,
,Indonesia,,,"14,130","58,759","94,073","106,005","10,403","53,033","3,150","25,050","5,940","31,500"
,Iran,,,,,,,,,,,,
,Iraq,,,,,,,,,,,,
,Ireland,,,"3,346","29,658","25,856","40,650",,"2,501",,,,
,Israel,,,,,,,,,"56,859","98,407","60,991","132,676"
,Italy,"5,322,729","8,258,292","7,955,823","5,705,328","4,066,124","5,802,920","6,093,188","12,565,324","12,696,357","7,942,513","3,328,578","19,929,784"
,Jamaica,,,"3,875",,,,,,,"350,000",,
,Japan,"49,066","188,994","336,942","623,773","874,212","1,461,684","649,317","2,840,323","2,440,738","1,584,703","1,024,929","896,178"
,Jordan,,,,,,,,,,,,
,Kazakhstan,,,,,,,,,,,,
,Kenya,,,,,,,,,,,,
,Kiribati,,,,,,,,,,,,
,"Korea, North",,,,,,,,,,,,
,"Korea, South","827,560","573,719","1,948,315","5,566,854","10,757,091","4,132,301","7,706,538","7,949,960","7,654,011","8,343,336","5,580,885","5,164,606"
,Kosovo,,,,,,,,,,,,
,Kuwait,,,,,,"52,602","112,135","56,903",,,,
,Kyrgyzstan,,,,,,,,,,,,
,Laos,,,,,,,,,,,,
,Latvia,,,,,,,,,,,,
,Lebanon,,,,,,,,,"14,720","5,170",,
,Lesotho,,,,,,,,,,,,
,Liberia,,,,,,,,,,,,
,Libya,,,,,,,,,,,,
,Liechtenstein,,,,,,,,,,,,
,Lithuania,,,,,,,,,,,,
,Luxembourg,,,,,,,,,,,,
,Macau,,,,,,,,,"113,520","15,840",,
,Macedonia,,,,,,,,,,,,
,Madagascar,,,,,,,,,,,,
,Malawi,,,,,,,,,,,,
,Malaysia,,,"23,184","142,777","177,804","272,116","357,551","846,397","1,355,380","2,590,907","402,841","313,064"
,Maldives,,,,,,,,,,,,
,Mali,,,,,,,,,,,,
,Malta,,,,,,,,,,,,
,Marshall Islands,,,,,,,,,,,,
,Martinique,,,,,,,,,,,,
,Mauritania,,,,,,,,,,,,
,Mauritius,,,,,,,,,,,,
,Mayotte,,,,,,,,,,,,
,Mexico,,,,,,,,,,"5,002",,
,Micronesia,,,,,,,,,,,,
,Moldova,,,,,,,,,,,,
,Monaco,,,,,,,,,,,,
,Mongolia,,,,,,,,,,"1,056,925",,
,Montenegro,,,,,,,,,,,,
,Montserrat,,,,,,,,,,,,
,Morocco,,,,,,,,,,,,
,Mozambique,,,,,,,,,,,,
,Namibia,,,,,,,,,,,,
,Nauru,,,,,,,,,,,,
,Nepal,,,,,,,,,,,,
,Netherlands,,"203,840","16,770","16,770","48,074","428,780","41,732","36,191","151,872","170,624","470,208","1,044,843"
,Netherlands Antilles (through Apr 2011),,,,,,,,,,,,
,New Caledonia,,,,,,,,,,,,
,New Zealand,,,,,,,,,,,,
,Nicaragua,,,,,,,,,,,,
,Niger,,,,,,,,,,,,
,Nigeria,,,,,,,,,,,,
,Niue,,,,,,,,,,,,
,Norfolk Island,,,,,,,,,,,,
,Norway,"67,326","185,752","397,216","1,461,028","1,931,433","1,102,865","1,597,301","1,426,089","1,161,274","1,063,928","564,742","1,355,314"
,Oman,,,,,,,,,,,,
,Pakistan,,,,,,,,,,,,
,Palau,,,,,,,,,,,,
,Panama,,,,,,,,,,,,
,Papua New Guinea,,,,,,,,,,,,
,Paraguay,,,,,,,,,,,,
,Peru,,,,,,,,,,,,
,Philippines,,,,"50,000","35,000",,,"2,520","134,919","243,171","22,259","2,970"
,Pitcairn Islands,,,,,,,,,,,,
,Poland,,,"2,506","2,674",,,,,,,,
,Portugal,,,,,,,"16,335","42,959","170,769","129,755","9,339",
,Qatar,,,,,,,"3,080",,"11,110","65,716","145,526","2,121,278"
,Reunion,,,,,,,,,,,,
,Romania,,,,,,,,,,,,
,Russia,,,,,,,,,,,,
,Rwanda,,,,,,,,,,,,
,Samoa,,,,,,,,,,,,
,San Marino,,,,,,,,,,,,
,Sao Tome and Principe,,,,,,,,,,,,
,Saudi Arabia,,,,,,,,,"15,675","77,061","18,448","19,687"
,Senegal,,,,,,,,,,,,
,Serbia,,,,,,,,,,,,
,Serbia (Jan 2007 - Dec 2008),,,,,,,,,,,,
,Serbia and Montenegro (Aug 2003 - Dec 2006),,,,,,,,,,,,
,Seychelles,,,,,,,,,,,,
,Sierra Leone,,,,,,,,,,,,
,Singapore,"220,632","354,948","663,254","946,433","1,162,611","1,324,843","2,150,352","2,590,686","2,733,569","2,968,750","2,828,150","4,470,089"
,Sint Maarten,,,,,,,,,,,,
,Slovakia,,,,,,,,,,,,
,Slovenia,,,,,,,,,,,,
,Solomon Islands,,,,,,,,,,,,
,Somalia,,,,,,,,,,,,
,South Africa,,,,,,,,,,,,
,South Sudan,,,,,,,,,,,,
,Spain,"4,053,893","5,609,435","2,865,790","2,508,412","3,157,612","2,217,796","1,026,357","1,036,730","1,436,997","4,591,182","1,445,074","9,358,072"
,Sri Lanka,,,,,,,,,,,,
,St Helena,,,,,,,,,,,,
,St Kitts and Nevis,,,,,,,,,,,,
,St Lucia,,,,,,,,,,,,
,St Pierre and Miquelon,,,,,,,,,,,,
,St Vincent and the Grenadines,,,,,,,,,,,,
,Sudan,,,,,,,,,,,,
,Sudan (through Jul 2011),,,,,,,,,,,,
,Suriname,,,,,,,,,,,,
,"Svalbard, Jan Mayen Island","110,000",,,,,,,,,,,
,Sweden,"493,100","39,686","846,085","1,039,301","296,638","761,017","1,157,097","1,236,168","1,201,779","543,990","589,801","2,635,120"
,Switzerland,,,,"5,037","45,504","160,515","122,100","120,450","82,026",,"100,000","35,055"
,Syria,,,,,,,,,,,,
,Taiwan,"16,780","63,355","115,923","754,280","1,545,757","767,280","1,836,614","3,064,436","3,629,220","5,638,641","1,969,698","1,983,777"
,Tajikistan,,,,,,,,,,,,
,Tanzania,,,,,,,,,,,,
,Thailand,"113,304","245,098","481,819","720,964","927,799","1,220,743","2,407,970","3,517,383","4,606,965","4,205,200","2,426,631","2,277,917"
,Timor-Leste,,,,,,,,,,,,
,Togo,,,,,,,,,,,,
,Tokelau,,,,,,,,,,,,
,Tonga,,,,,,,,,,,,
,Trinidad and Tobago,,,,,,,,,,,,
,Tunisia,,,,,,,,,,,,
,Turkey,"20,838",,,,,,,,"15,945","5,760","11,880",
,Turkmenistan,,,,,,,,,,,,
,Turks and Caicos Islands,,,,,,,,,,,,
,Tuvalu,,,,,,,,,,,,
,Uganda,,,,,,,,,,,,
,Ukraine,,,,,,,,,"3,000","4,500","3,518","339,616"
,United Arab Emirates,,,,,"3,738","59,250","123,920","136,261","328,077","822,581","814,305","1,716,785"
,United Kingdom,"4,978,259","4,799,796","4,619,499","4,945,925","5,501,550","3,458,913","1,870,462","2,454,391","1,721,111","2,457,674","2,597,366","1,942,684"
,Uruguay,"10,925",,"21,470",,,,,,,,,
,Uzbekistan,,,,,,,,,,,,
,Vanuatu,,,,,,,,,,,,
,Vatican City,,,,,,,,,,,,
,Venezuela,,,,,,,,,,,,
,Vietnam,,,,"432,769","3,460,468","4,740,471","5,675,056","4,991,735","5,755,939","1,490,702","363,260","59,000"
,Wallis and Futuna,,,,,,,,,,,,
,West Bank Administered by Israel,,,,,,,,,,,,
,Western Sahara (through Dec 2020),,,,,,,,,,,,
,Yemen,,,,,,,,,,,,
,Zambia,,,,,,,,,,,,
,Zimbabwe,,,,,,,,,,,,
,International Organizations,,,,,,,,,,,,
,Unidentified Countries,,,,,,,,,,,,
0307 Molluscs,World Total,"31,497,628","28,367,401","1,189,076","824,743","641,914","187,231","16,018","686,021","700,215","301,493","371,368","627,581"
,Afghanistan,,,,,,,,,,,,
,Albania,,,,,,,,,,,,
,Algeria,,,,,,,,,,,,
,Andorra,,,,,,,,,,,,
,Angola,,,,,,,,,,,,
,Anguilla,,,,,,,,,,,,
,Antigua and Barbuda,,,,,,,,,,,,
,Argentina,,,,,,,,,,,,
,Armenia,,,,,,,,,,,,
,Aruba,,,,,,,,,,,,
,Australia,,,,,,,,,,,,
,Austria,,,,,,,,,,,,
,Azerbaijan,,,,,,,,,,,,
,Bahamas,,,,,,,,,,,,
,Bahrain,,,,,,,,,,,,
,Bangladesh,,,,,,,,,,,,
,Barbados,,,,,,,,,,,,
,Belarus,,,,,,,,,,,,
,Belgium,"1,970,072",,,,,,,,,,,
,Belize,,,,,,,,,,,,
,Benin,,,,,,,,,,,,
,Bermuda,,,,,,,,,,,,
,Bhutan,,,,,,,,,,,,
,Bolivia,,,,,,,,,,,,
,Bosnia and Herzegovina,,,,,,,,,,,,
,Botswana,,,,,,,,,,,,
,Brazil,,,,,,,,,,,,
,British Indian Ocean Territories,,,,,,,,,,,,
,British Virgin Islands,,,,,,,,,,,,
,Brunei,,,,,,,,,,,,
,Bulgaria,,,,,,,,,,,,
,Burkina Faso,,,,,,,,,,,,
,Burma,,,,,,,,,,,,
,Burundi,,,,,,,,,,,,
,Cabo Verde,,,,,,,,,,,,
,Cambodia,,,,,,,,,,,,
,Cameroon,,,,,,,,,,,,
,Canada,"797,167","17,222","66,266","91,711","170,522","160,114","16,018","126,281","49,781","3,391","10,001","354,583"
,Cayman Islands,,,,,,,,,,,,
,Central African Republic,,,,,,,,,,,,
,Chad,,,,,,,,,,,,
,Chile,,"133,103",,,,,,,,,,
,China,"10,560","175,000","510,309",,,,,"4,640","19,206",,,"12,025"
,Christmas Island,,,,,,,,,,,,
,Cocos (Keeling) Islands,,,,,,,,,,,,
,Colombia,,,,,,,,,,,,
,Comoros,,,,,,,,,,,,
,Congo (Brazzaville),,,,,,,,,,,,
,Congo (Kinshasa),,,,,,,,,,,,
,Cook Islands,,,,,,,,,,,,
,Costa Rica,,,,,,,,,,,,
,Cote d'Ivoire,,,,,,,,,,,,
,Croatia,,,,,,,,,,,,
,Cuba,,,,,,,,,,,,
,Curacao,,,,,,,,,,,,
,Cyprus,,,,,,,,,,,,
,Czech Republic,,,,,,,,,,,,
,Denmark,"1,126,160","2,584,495",,,"265,522",,,,,,,
,Djibouti,,,,,,,,,,,,
,Dominica,,,,,,,,,,,,
,Dominican Republic,,,,,,,,,,,,
,Ecuador,,,,,,,,,,,,
,Egypt,,,,,,,,,,,,
,El Salvador,,,,,,,,,,,,
,Equatorial Guinea,,,,,,,,,,,,
,Eritrea,,,,,,,,,,,,
,Estonia,,,,,,,,,,,,
,Eswatini,,,,,,,,,,,,
,Ethiopia,,,,,,,,,,,,
,Falkland Islands (Islas Malvinas),,,,,,,,,,,,
,Faroe Islands,,,,,,,,,,,,
,Fiji,,,,,,,,,,,,
,Finland,,,,,,,,,,,,
,France,,"47,698","166,354","325,858","44,040",,,,,"19,851","6,545",
,French Guiana,,,,,,,,,,,,
,French Polynesia,,,,,,,,,,,,
,French Southern and Antarctic Lands,,,,,,,,,,,,
,Gabon,,,,,,,,,,,,
,Gambia,,,,,,,,,,,,
,Gaza Strip Administered by Israel,,,,,,,,,,,,
,Georgia,,,,,,,,,,,,
,Germany,"3,409,152",,,"10,410","5,009",,,"25,000",,,,
,Ghana,,,,,,,,,,,,
,Gibraltar,,,,,,,,,,,,
,Greece,,,,,,,,,,,,
,Greenland,,,,,,,,,,,,
,Grenada,,,,,,,,,,,,
,Guadeloupe,,,,,,,,,,,,
,Guatemala,,,,,,,,,,,,
,Guinea,,,,,,,,,,,,
,Guinea-Bissau,,,,,,,,,,,,
,Guyana,,,,,,,,,,,,
,Haiti,,,,,,,,,,,,
,Heard and McDonald Islands,,,,,,,,,,,,
,Honduras,,,,,,,,,,,,
,Hong Kong,"560,661","1,770,512","428,527",,,,,,"101,000",,,
,Hungary,,,,,,,,,,,,
,Iceland,,,,,,,,"27,000",,,"310,554",
,India,,,,,,,,,,,,
,Indonesia,,,,,,,,,,,,
,Iran,,,,,,,,,,,,
,Iraq,,,,,,,,,,,,
,Ireland,,,,,,,,,,,,
,Israel,,,,,,,,,,,,
,Italy,"129,213",,,"20,828","3,364",,,,,,,
,Jamaica,,,,,,,,,,,,
,Japan,"21,009,394","22,060,841",,,,,,,,,,
,Jordan,,,,,,,,,,,,
,Kazakhstan,,,,,,,,,,,,
,Kenya,,,,,,,,,,,,
,Kiribati,,,,,,,,,,,,
,"Korea, North",,,,,,,,,,,,
,"Korea, South",,"183,800",,,,,,,,,,
,Kosovo,,,,,,,,,,,,
,Kuwait,,,,,,,,,,,,
,Kyrgyzstan,,,,,,,,,,,,
,Laos,,,,,,,,,,,,
,Latvia,,,,,,,,,,,,
,Lebanon,,,,,,,,,,,,
,Lesotho,,,,,,,,,,,,
,Liberia,,,,,,,,,,,,
,Libya,,,,,,,,,,,,
,Liechtenstein,,,,,,,,,,,,
,Lithuania,,,,,,,,,,,,
,Luxembourg,,,,,,,,,,,,
,Macau,,,,,,,,,,,,
,Macedonia,,,,,,,,,,,,
,Madagascar,,,,,,,,,,,,
,Malawi,,,,,,,,,,,,
,Malaysia,,,,,,,,,,,,
,Maldives,,,,,,,,,,,,
,Mali,,,,,,,,,,,,
,Malta,,,,,,,,,,,,
,Marshall Islands,,,,,,,,,,,,
,Martinique,,,,,,,,,,,,
,Mauritania,,,,,,,,,,,,
,Mauritius,,,,,,,,,,,,
,Mayotte,,,,,,,,,,,,
,Mexico,,,,,,,,,,,,"5,260"
,Micronesia,,,,,,,,,,,,
,Moldova,,,,,,,,,,,,
,Monaco,,,,,,,,,,,,
,Mongolia,,,,,,,,,,,,
,Montenegro,,,,,,,,,,,,
,Montserrat,,,,,,,,,,,,
,Morocco,,,,,,,,,,,,
,Mozambique,,,,,,,,,,,,
,Namibia,,,,,,,,,,,,
,Nauru,,,,,,,,,,,,
,Nepal,,,,,,,,,,,,
,Netherlands,,,,,,,,"209,700","197,300","278,251",,
,Netherlands Antilles (through Apr 2011),,,,,,,,,,,,
,New Caledonia,,,,,,,,,,,,
,New Zealand,,,,,,,,,,,,
,Nicaragua,,,,,,,,,,,,
,Niger,,,,,,,,,,,,
,Nigeria,,,,,,,,,,,,
,Niue,,,,,,,,,,,,
,Norfolk Island,,,,,,,,,,,,
,Norway,"703,522","575,813",,,,,,,,,"44,268","137,911"
,Oman,,,,,,,,,,,,
,Pakistan,,,,,,,,,,,,
,Palau,,,,,,,,,,,,
,Panama,,,,,,,,,,,,
,Papua New Guinea,,,,,,,,,,,,
,Paraguay,,,,,,,,,,,,
,Peru,,,,,,,,,,,,
,Philippines,,,,,,,,"120,688",,,,
,Pitcairn Islands,,,,,,,,,,,,
,Poland,,,,,,,,,,,,
,Portugal,,,,,,,,,,,,
,Qatar,,,,,,,,,,,,
,Reunion,,,,,,,,,,,,
,Romania,,,,,,,,,,,,
,Russia,"829,338","155,265",,,,,,,,,,
,Rwanda,,,,,,,,,,,,
,Samoa,,,,,,,,,,,,
,San Marino,,,,,,,,,,,,
,Sao Tome and Principe,,,,,,,,,,,,
,Saudi Arabia,,,,,,,,,,,,
,Senegal,,,,,,,,,,,,
,Serbia,,,,,,,,,,,,
,Serbia (Jan 2007 - Dec 2008),,,,,,,,,,,,
,Serbia and Montenegro (Aug 2003 - Dec 2006),,,,,,,,,,,,
,Seychelles,,,,,,,,,,,,
,Sierra Leone,,,,,,,,,,,,
,Singapore,,,,,,,,"17,220","332,928",,,"109,882"
,Sint Maarten,,,,,,,,,,,,
,Slovakia,,,,,,,,,,,,
,Slovenia,,,,,,,,,,,,
,Solomon Islands,,,,,,,,,,,,
,Somalia,,,,,,,,,,,,
,South Africa,,,,,,,,,,,,
,South Sudan,,,,,,,,,,,,
,Spain,,,"17,620","44,336","153,457","27,117",,"119,709",,,,
,Sri Lanka,,,,,,,,,,,,
,St Helena,,,,,,,,,,,,
,St Kitts and Nevis,,,,,,,,,,,,
,St Lucia,,,,,,,,,,,,
,St Pierre and Miquelon,,,,,,,,,,,,
,St Vincent and the Grenadines,,,,,,,,,,,,
,Sudan,,,,,,,,,,,,
,Sudan (through Jul 2011),,,,,,,,,,,,
,Suriname,,,,,,,,,,,,
,"Svalbard, Jan Mayen Island",,,,,,,,,,,,
,Sweden,,,,,,,,,,,,
,Switzerland,,,,,,,,,,,,
,Syria,,,,,,,,,,,,
,Taiwan,,,,,,,,,,,,
,Tajikistan,,,,,,,,,,,,
,Tanzania,,,,,,,,,,,,
,Thailand,,,,,,,,,,,,"7,920"
,Timor-Leste,,,,,,,,,,,,
,Togo,,,,,,,,,,,,
,Tokelau,,,,,,,,,,,,
,Tonga,,,,,,,,,,,,
,Trinidad and Tobago,,,,,,,,,,,,
,Tunisia,,,,,,,,,,,,
,Turkey,,,,,,,,,,,,
,Turkmenistan,,,,,,,,,,,,
,Turks and Caicos Islands,,,,,,,,,,,,
,Tuvalu,,,,,,,,,,,,
,Uganda,,,,,,,,,,,,
,Ukraine,"136,639",,,,,,,,,,,
,United Arab Emirates,,,,,,,,,,,,
,United Kingdom,"815,750","663,652",,"331,600",,,,,,,,
,Uruguay,,,,,,,,,,,,
,Uzbekistan,,,,,,,,,,,,
,Vanuatu,,,,,,,,,,,,
,Vatican City,,,,,,,,,,,,
,Venezuela,,,,,,,,,,,,
,Vietnam,,,,,,,,"35,783",,,,
,Wallis and Futuna,,,,,,,,,,,,
,West Bank Administered by Israel,,,,,,,,,,,,
,Western Sahara (through Dec 2020),,,,,,,,,,,,
,Yemen,,,,,,,,,,,,
,Zambia,,,,,,,,,,,,
,Zimbabwe,,,,,,,,,,,,
,International Organizations,,,,,,,,,,,,
,Unidentified Countries,,,,,,,,,,,,
"0308 Aquatic Invertebrates, Nesoi",World Total,,,"28,091,933","26,725,312","27,707,994","25,183,311","25,849,144","25,920,547","18,479,907","17,122,216","13,810,853","14,506,099"
,Afghanistan,,,,,,,,,,,,
,Albania,,,,,,,,,,,,
,Algeria,,,,,,,,,,,,
,Andorra,,,,,,,,,,,,
,Angola,,,,,,,,,,,,
,Anguilla,,,,,,,,,,,,
,Antigua and Barbuda,,,,,,,,,,,,
,Argentina,,,,,,,,,,,,
,Armenia,,,,,,,,,,,,
,Aruba,,,,,,,,,,,,
,Australia,,,,"52,330",,,,,,,,
,Austria,,,,,,,,,,,,
,Azerbaijan,,,,,,,,,,,,
,Bahamas,,,,,,,,,,,,
,Bahrain,,,,,,,,,,,,
,Bangladesh,,,,,,,,,,,,
,Barbados,,,,,,,,,,,,
,Belarus,,,,,,,,,,,,
,Belgium,,,,,,,,,,,,
,Belize,,,,,,,,,,,,
,Benin,,,,,,,,,,,,
,Bermuda,,,,,,,,,,,,
,Bhutan,,,,,,,,,,,,
,Bolivia,,,,,,,,,,,,
,Bosnia and Herzegovina,,,,,,,,,,,,
,Botswana,,,,,,,,,,,,
,Brazil,,,,,,,,,,,,
,British Indian Ocean Territories,,,,,,,,,,,,
,British Virgin Islands,,,,,,,,,,,,
,Brunei,,,,,,,,,,,,
,Bulgaria,,,,,,,,,,,,
,Burkina Faso,,,,,,,,,,,,
,Burma,,,,,,,,,,,,
,Burundi,,,,,,,,,,,,
,Cabo Verde,,,,,,,,,,,,
,Cambodia,,,,,,,,,,,,
,Cameroon,,,,,,,,,,,,
,Canada,,,"122,638",,"9,249",,,"15,782",,,,"16,674"
,Cayman Islands,,,,,,,,,,,,
,Central African Republic,,,,,,,,,,,,
,Chad,,,,,,,,,,,,
,Chile,,,,,,,,,,,,
,China,,,"8,684",,,,"61,616",,,"13,680",,
,Christmas Island,,,,,,,,,,,,
,Cocos (Keeling) Islands,,,,,,,,,,,,
,Colombia,,,,,,,,,,,,
,Comoros,,,,,,,,,,,,
,Congo (Brazzaville),,,,,,,,,,,,
,Congo (Kinshasa),,,,,,,,,,,,
,Cook Islands,,,,,,,,,,,,
,Costa Rica,,,,,,,,,,,,
,Cote d'Ivoire,,,,,,,,,,,,
,Croatia,,,,,,,,,,,,
,Cuba,,,,,,,,,,,,
,Curacao,,,,,,,,,,,,
,Cyprus,,,,,,,,,,,,
,Czech Republic,,,,,,,,,,,,
,Denmark,,,,,,,,,,,,
,Djibouti,,,,,,,,,,,,
,Dominica,,,,,,,,,,,,
,Dominican Republic,,,,,,,,,,,,
,Ecuador,,,,,,,,,,,,
,Egypt,,,,,,,,,,,,
,El Salvador,,,,,,,,,,,,
,Equatorial Guinea,,,,,,,,,,,,
,Eritrea,,,,,,,,,,,,
,Estonia,,,,,,,,,,,,
,Eswatini,,,,,,,,,,,,
,Ethiopia,,,,,,,,,,,,
,Falkland Islands (Islas Malvinas),,,,,,,,,,,,
,Faroe Islands,,,,,,,,,,,,
,Fiji,,,,,,,,,,,,
,Finland,,,,,,,,,,,,
,France,,,,,,,,,,,,
,French Guiana,,,,,,,,,,,,
,French Polynesia,,,,,,,,,,,,
,French Southern and Antarctic Lands,,,,,,,,,,,,
,Gabon,,,,,,,,,,,,
,Gambia,,,,,,,,,,,,
,Gaza Strip Administered by Israel,,,,,,,,,,,,
,Georgia,,,,,,,,,,,,
,Germany,,,,,,,,,,,,
,Ghana,,,,,,,,,,,,
,Gibraltar,,,,,,,,,,,,
,Greece,,,,,,,,,,,,
,Greenland,,,,,,,,,,,,
,Grenada,,,,,,,,,,,,
,Guadeloupe,,,,,,,,,,,,
,Guatemala,,,,,,,,,,,,
,Guinea,,,,,,,,,,,,
,Guinea-Bissau,,,,,,,,,,,,
,Guyana,,,,,,,,,,,,
,Haiti,,,,,,,,,,,,
,Heard and McDonald Islands,,,,,,,,,,,,
,Honduras,,,,,,,,,,,,
,Hong Kong,,,"1,656,558","1,273,936","1,733,636","1,906,301","1,163,718","988,221","760,903","965,985","185,114","86,365"
,Hungary,,,,,,,,,,,,
,Iceland,,,,,,,,,,,,
,India,,,,,,,,,,,,
,Indonesia,,,,,,,,,,,,
,Iran,,,,,,,,,,,,
,Iraq,,,,,,,,,,,,
,Ireland,,,,,,,,,,,,
,Israel,,,,,,,,,,,,
,Italy,,,,,,,,,,,,
,Jamaica,,,,,,,,,,,,
,Japan,,,"26,295,806","24,556,505","23,723,309","21,122,803","23,918,783","22,569,497","16,020,045","15,700,001","12,153,579","12,874,134"
,Jordan,,,,,,,,,,,,
,Kazakhstan,,,,,,,,,,,,
,Kenya,,,,,,,,,,,,
,Kiribati,,,,,,,,,,,,
,"Korea, North",,,,,,,,,,,,
,"Korea, South",,,"8,247","842,541","2,241,800","2,150,869","705,027","2,347,047","1,698,959","384,643","1,450,839","1,484,274"
,Kosovo,,,,,,,,,,,,
,Kuwait,,,,,,,,,,,,
,Kyrgyzstan,,,,,,,,,,,,
,Laos,,,,,,,,,,,,
,Latvia,,,,,,,,,,,,
,Lebanon,,,,,,,,,,,,
,Lesotho,,,,,,,,,,,,
,Liberia,,,,,,,,,,,,
,Libya,,,,,,,,,,,,
,Liechtenstein,,,,,,,,,,,,
,Lithuania,,,,,,,,,,,,
,Luxembourg,,,,,,,,,,,,
,Macau,,,,,,,,,,,,
,Macedonia,,,,,,,,,,,,
,Madagascar,,,,,,,,,,,,
,Malawi,,,,,,,,,,,,
,Malaysia,,,,,,,,,,"57,907",,
,Maldives,,,,,,,,,,,,
,Mali,,,,,,,,,,,,
,Malta,,,,,,,,,,,,
,Marshall Islands,,,,,,,,,,,,
,Martinique,,,,,,,,,,,,
,Mauritania,,,,,,,,,,,,
,Mauritius,,,,,,,,,,,,
,Mayotte,,,,,,,,,,,,
,Mexico,,,,,,,,,,,,
,Micronesia,,,,,,,,,,,,
,Moldova,,,,,,,,,,,,
,Monaco,,,,,,,,,,,,
,Mongolia,,,,,,,,,,,,
,Montenegro,,,,,,,,,,,,
,Montserrat,,,,,,,,,,,,
,Morocco,,,,,,,,,,,,
,Mozambique,,,,,,,,,,,,
,Namibia,,,,,,,,,,,,
,Nauru,,,,,,,,,,,,
,Nepal,,,,,,,,,,,,
,Netherlands,,,,,,,,,,,,
,Netherlands Antilles (through Apr 2011),,,,,,,,,,,,
,New Caledonia,,,,,,,,,,,,
,New Zealand,,,,,,,,,,,,
,Nicaragua,,,,,,,,,,,,
,Niger,,,,,,,,,,,,
,Nigeria,,,,,,,,,,,,
,Niue,,,,,,,,,,,,
,Norfolk Island,,,,,,,,,,,,
,Norway,,,,,,,,,,,,
,Oman,,,,,,,,,,,,
,Pakistan,,,,,,,,,,,,
,Palau,,,,,,,,,,,,
,Panama,,,,,,,,,,,,
,Papua New Guinea,,,,,,,,,,,,
,Paraguay,,,,,,,,,,,,
,Peru,,,,,,,,,,,,
,Philippines,,,,,,,,,,,,
,Pitcairn Islands,,,,,,,,,,,,
,Poland,,,,,,,,,,,,
,Portugal,,,,,,,,,,,,
,Qatar,,,,,,,,,,,,
,Reunion,,,,,,,,,,,,
,Romania,,,,,,,,,,,,
,Russia,,,,,,,,,,,,
,Rwanda,,,,,,,,,,,,
,Samoa,,,,,,,,,,,,
,San Marino,,,,,,,,,,,,
,Sao Tome and Principe,,,,,,,,,,,,
,Saudi Arabia,,,,,,,,,,,,
,Senegal,,,,,,,,,,,,
,Serbia,,,,,,,,,,,,
,Serbia (Jan 2007 - Dec 2008),,,,,,,,,,,,
,Serbia and Montenegro (Aug 2003 - Dec 2006),,,,,,,,,,,,
,Seychelles,,,,,,,,,,,,
,Sierra Leone,,,,,,,,,,,,
,Singapore,,,,,,,,,,,,
,Sint Maarten,,,,,,,,,,,,
,Slovakia,,,,,,,,,,,,
,Slovenia,,,,,,,,,,,,
,Solomon Islands,,,,,,,,,,,,
,Somalia,,,,,,,,,,,,
,South Africa,,,,,,,,,,,,
,South Sudan,,,,,,,,,,,,
,Spain,,,,,,,,,,,,
,Sri Lanka,,,,,,,,,,,,
,St Helena,,,,,,,,,,,,
,St Kitts and Nevis,,,,,,,,,,,,
,St Lucia,,,,,,,,,,,,
,St Pierre and Miquelon,,,,,,,,,,,,
,St Vincent and the Grenadines,,,,,,,,,,,,
,Sudan,,,,,,,,,,,,
,Sudan (through Jul 2011),,,,,,,,,,,,
,Suriname,,,,,,,,,,,,
,"Svalbard, Jan Mayen Island",,,,,,,,,,,,
,Sweden,,,,,,,,,,,,
,Switzerland,,,,,,,,,,,,
,Syria,,,,,,,,,,,,
,Taiwan,,,,,,,,,,,"4,529","11,000"
,Tajikistan,,,,,,,,,,,,
,Tanzania,,,,,,,,,,,,
,Thailand,,,,,,,,,,,,
,Timor-Leste,,,,,,,,,,,,
,Togo,,,,,,,,,,,,
,Tokelau,,,,,,,,,,,,
,Tonga,,,,,,,,,,,,
,Trinidad and Tobago,,,,,,,,,,,,
,Tunisia,,,,,,,,,,,,
,Turkey,,,,,,,,,,,,
,Turkmenistan,,,,,,,,,,,,
,Turks and Caicos Islands,,,,,,,,,,,,
,Tuvalu,,,,,,,,,,,,
,Uganda,,,,,,,,,,,,
,Ukraine,,,,,,,,,,,,
,United Arab Emirates,,,,,,,,,,,,
,United Kingdom,,,,,,"3,338",,,,,"16,792","33,652"
,Uruguay,,,,,,,,,,,,
,Uzbekistan,,,,,,,,,,,,
,Vanuatu,,,,,,,,,,,,
,Vatican City,,,,,,,,,,,,
,Venezuela,,,,,,,,,,,,
,Vietnam,,,,,,,,,,,,
,Wallis and Futuna,,,,,,,,,,,,
,West Bank Administered by Israel,,,,,,,,,,,,
,Western Sahara (through Dec 2020),,,,,,,,,,,,
,Yemen,,,,,,,,,,,,
,Zambia,,,,,,,,,,,,
,Zimbabwe,,,,,,,,,,,,
,International Organizations,,,,,,,,,,,,
,Unidentified Countries,,,,,,,,,,,,
"0309 Flours, Meals And Pellets Of Fish, Crustaceans Etc",World Total,,,,,,,,,,,,
,Afghanistan,,,,,,,,,,,,
,Albania,,,,,,,,,,,,
,Algeria,,,,,,,,,,,,
,Andorra,,,,,,,,,,,,
,Angola,,,,,,,,,,,,
,Anguilla,,,,,,,,,,,,
,Antigua and Barbuda,,,,,,,,,,,,
,Argentina,,,,,,,,,,,,
,Armenia,,,,,,,,,,,,
,Aruba,,,,,,,,,,,,
,Australia,,,,,,,,,,,,
,Austria,,,,,,,,,,,,
,Azerbaijan,,,,,,,,,,,,
,Bahamas,,,,,,,,,,,,
,Bahrain,,,,,,,,,,,,
,Bangladesh,,,,,,,,,,,,
,Barbados,,,,,,,,,,,,
,Belarus,,,,,,,,,,,,
,Belgium,,,,,,,,,,,,
,Belize,,,,,,,,,,,,
,Benin,,,,,,,,,,,,
,Bermuda,,,,,,,,,,,,
,Bhutan,,,,,,,,,,,,
,Bolivia,,,,,,,,,,,,
,Bosnia and Herzegovina,,,,,,,,,,,,
,Botswana,,,,,,,,,,,,
,Brazil,,,,,,,,,,,,
,British Indian Ocean Territories,,,,,,,,,,,,
,British Virgin Islands,,,,,,,,,,,,
,Brunei,,,,,,,,,,,,
,Bulgaria,,,,,,,,,,,,
,Burkina Faso,,,,,,,,,,,,
,Burma,,,,,,,,,,,,
,Burundi,,,,,,,,,,,,
,Cabo Verde,,,,,,,,,,,,
,Cambodia,,,,,,,,,,,,
,Cameroon,,,,,,,,,,,,
,Canada,,,,,,,,,,,,
,Cayman Islands,,,,,,,,,,,,
,Central African Republic,,,,,,,,,,,,
,Chad,,,,,,,,,,,,
,Chile,,,,,,,,,,,,
,China,,,,,,,,,,,,
,Christmas Island,,,,,,,,,,,,
,Cocos (Keeling) Islands,,,,,,,,,,,,
,Colombia,,,,,,,,,,,,
,Comoros,,,,,,,,,,,,
,Congo (Brazzaville),,,,,,,,,,,,
,Congo (Kinshasa),,,,,,,,,,,,
,Cook Islands,,,,,,,,,,,,
,Costa Rica,,,,,,,,,,,,
,Cote d'Ivoire,,,,,,,,,,,,
,Croatia,,,,,,,,,,,,
,Cuba,,,,,,,,,,,,
,Curacao,,,,,,,,,,,,
,Cyprus,,,,,,,,,,,,
,Czech Republic,,,,,,,,,,,,
,Denmark,,,,,,,,,,,,
,Djibouti,,,,,,,,,,,,
,Dominica,,,,,,,,,,,,
,Dominican Republic,,,,,,,,,,,,
,Ecuador,,,,,,,,,,,,
,Egypt,,,,,,,,,,,,
,El Salvador,,,,,,,,,,,,
,Equatorial Guinea,,,,,,,,,,,,
,Eritrea,,,,,,,,,,,,
,Estonia,,,,,,,,,,,,
,Eswatini,,,,,,,,,,,,
,Ethiopia,,,,,,,,,,,,
,Falkland Islands (Islas Malvinas),,,,,,,,,,,,
,Faroe Islands,,,,,,,,,,,,
,Fiji,,,,,,,,,,,,
,Finland,,,,,,,,,,,,
,France,,,,,,,,,,,,
,French Guiana,,,,,,,,,,,,
,French Polynesia,,,,,,,,,,,,
,French Southern and Antarctic Lands,,,,,,,,,,,,
,Gabon,,,,,,,,,,,,
,Gambia,,,,,,,,,,,,
,Gaza Strip Administered by Israel,,,,,,,,,,,,
,Georgia,,,,,,,,,,,,
,Germany,,,,,,,,,,,,
,Ghana,,,,,,,,,,,,
,Gibraltar,,,,,,,,,,,,
,Greece,,,,,,,,,,,,
,Greenland,,,,,,,,,,,,
,Grenada,,,,,,,,,,,,
,Guadeloupe,,,,,,,,,,,,
,Guatemala,,,,,,,,,,,,
,Guinea,,,,,,,,,,,,
,Guinea-Bissau,,,,,,,,,,,,
,Guyana,,,,,,,,,,,,
,Haiti,,,,,,,,,,,,
,Heard and McDonald Islands,,,,,,,,,,,,
,Honduras,,,,,,,,,,,,
,Hong Kong,,,,,,,,,,,,
,Hungary,,,,,,,,,,,,
,Iceland,,,,,,,,,,,,
,India,,,,,,,,,,,,
,Indonesia,,,,,,,,,,,,
,Iran,,,,,,,,,,,,
,Iraq,,,,,,,,,,,,
,Ireland,,,,,,,,,,,,
,Israel,,,,,,,,,,,,
,Italy,,,,,,,,,,,,
,Jamaica,,,,,,,,,,,,
,Japan,,,,,,,,,,,,
,Jordan,,,,,,,,,,,,
,Kazakhstan,,,,,,,,,,,,
,Kenya,,,,,,,,,,,,
,Kiribati,,,,,,,,,,,,
,"Korea, North",,,,,,,,,,,,
,"Korea, South",,,,,,,,,,,,
,Kosovo,,,,,,,,,,,,
,Kuwait,,,,,,,,,,,,
,Kyrgyzstan,,,,,,,,,,,,
,Laos,,,,,,,,,,,,
,Latvia,,,,,,,,,,,,
,Lebanon,,,,,,,,,,,,
,Lesotho,,,,,,,,,,,,
,Liberia,,,,,,,,,,,,
,Libya,,,,,,,,,,,,
,Liechtenstein,,,,,,,,,,,,
,Lithuania,,,,,,,,,,,,
,Luxembourg,,,,,,,,,,,,
,Macau,,,,,,,,,,,,
,Macedonia,,,,,,,,,,,,
,Madagascar,,,,,,,,,,,,
,Malawi,,,,,,,,,,,,
,Malaysia,,,,,,,,,,,,
,Maldives,,,,,,,,,,,,
,Mali,,,,,,,,,,,,
,Malta,,,,,,,,,,,,
,Marshall Islands,,,,,,,,,,,,
,Martinique,,,,,,,,,,,,
,Mauritania,,,,,,,,,,,,
,Mauritius,,,,,,,,,,,,
,Mayotte,,,,,,,,,,,,
,Mexico,,,,,,,,,,,,
,Micronesia,,,,,,,,,,,,
,Moldova,,,,,,,,,,,,
,Monaco,,,,,,,,,,,,
,Mongolia,,,,,,,,,,,,
,Montenegro,,,,,,,,,,,,
,Montserrat,,,,,,,,,,,,
,Morocco,,,,,,,,,,,,
,Mozambique,,,,,,,,,,,,
,Namibia,,,,,,,,,,,,
,Nauru,,,,,,,,,,,,
,Nepal,,,,,,,,,,,,
,Netherlands,,,,,,,,,,,,
,Netherlands Antilles (through Apr 2011),,,,,,,,,,,,
,New Caledonia,,,,,,,,,,,,
,New Zealand,,,,,,,,,,,,
,Nicaragua,,,,,,,,,,,,
,Niger,,,,,,,,,,,,
,Nigeria,,,,,,,,,,,,
,Niue,,,,,,,,,,,,
,Norfolk Island,,,,,,,,,,,,
,Norway,,,,,,,,,,,,
,Oman,,,,,,,,,,,,
,Pakistan,,,,,,,,,,,,
,Palau,,,,,,,,,,,,
,Panama,,,,,,,,,,,,
,Papua New Guinea,,,,,,,,,,,,
,Paraguay,,,,,,,,,,,,
,Peru,,,,,,,,,,,,
,Philippines,,,,,,,,,,,,
,Pitcairn Islands,,,,,,,,,,,,
,Poland,,,,,,,,,,,,
,Portugal,,,,,,,,,,,,
,Qatar,,,,,,,,,,,,
,Reunion,,,,,,,,,,,,
,Romania,,,,,,,,,,,,
,Russia,,,,,,,,,,,,
,Rwanda,,,,,,,,,,,,
,Samoa,,,,,,,,,,,,
,San Marino,,,,,,,,,,,,
,Sao Tome and Principe,,,,,,,,,,,,
,Saudi Arabia,,,,,,,,,,,,
,Senegal,,,,,,,,,,,,
,Serbia,,,,,,,,,,,,
,Serbia (Jan 2007 - Dec 2008),,,,,,,,,,,,
,Serbia and Montenegro (Aug 2003 - Dec 2006),,,,,,,,,,,,
,Seychelles,,,,,,,,,,,,
,Sierra Leone,,,,,,,,,,,,
,Singapore,,,,,,,,,,,,
,Sint Maarten,,,,,,,,,,,,
,Slovakia,,,,,,,,,,,,
,Slovenia,,,,,,,,,,,,
,Solomon Islands,,,,,,,,,,,,
,Somalia,,,,,,,,,,,,
,South Africa,,,,,,,,,,,,
,South Sudan,,,,,,,,,,,,
,Spain,,,,,,,,,,,,
,Sri Lanka,,,,,,,,,,,,
,St Helena,,,,,,,,,,,,
,St Kitts and Nevis,,,,,,,,,,,,
,St Lucia,,,,,,,,,,,,
,St Pierre and Miquelon,,,,,,,,,,,,
,St Vincent and the Grenadines,,,,,,,,,,,,
,Sudan,,,,,,,,,,,,
,Sudan (through Jul 2011),,,,,,,,,,,,
,Suriname,,,,,,,,,,,,
,"Svalbard, Jan Mayen Island",,,,,,,,,,,,
,Sweden,,,,,,,,,,,,
,Switzerland,,,,,,,,,,,,
,Syria,,,,,,,,,,,,
,Taiwan,,,,,,,,,,,,
,Tajikistan,,,,,,,,,,,,
,Tanzania,,,,,,,,,,,,
,Thailand,,,,,,,,,,,,
,Timor-Leste,,,,,,,,,,,,
,Togo,,,,,,,,,,,,
,Tokelau,,,,,,,,,,,,
,Tonga,,,,,,,,,,,,
,Trinidad and Tobago,,,,,,,,,,,,
,Tunisia,,,,,,,,,,,,
,Turkey,,,,,,,,,,,,
,Turkmenistan,,,,,,,,,,,,
,Turks and Caicos Islands,,,,,,,,,,,,
,Tuvalu,,,,,,,,,,,,
,Uganda,,,,,,,,,,,,
,Ukraine,,,,,,,,,,,,
,United Arab Emirates,,,,,,,,,,,,
,United Kingdom,,,,,,,,,,,,
,Uruguay,,,,,,,,,,,,
,Uzbekistan,,,,,,,,,,,,
,Vanuatu,,,,,,,,,,,,
,Vatican City,,,,,,,,,,,,
,Venezuela,,,,,,,,,,,,
,Vietnam,,,,,,,,,,,,
,Wallis and Futuna,,,,,,,,,,,,
,West Bank Administered by Israel,,,,,,,,,,,,
,Western Sahara (through Dec 2020),,,,,,,,,,,,
,Yemen,,,,,,,,,,,,
,Zambia,,,,,,,,,,,,
,Zimbabwe,,,,,,,,,,,,
,International Organizations,,,,,,,,,,,,
,Unidentified Countries,,,,,,,,,,,,
121221 Seaweeds And Other Algae Fit For Human Consumption,World Total,,,"73,767","116,561","91,458","77,465","27,544","29,872","134,290","65,389","111,670","153,755"
,Afghanistan,,,,,,,,,,,,
,Albania,,,,,,,,,,,,
,Algeria,,,,,,,,,,,,
,Andorra,,,,,,,,,,,,
,Angola,,,,,,,,,,,,
,Anguilla,,,,,,,,,,,,
,Antigua and Barbuda,,,,,,,,,,,,
,Argentina,,,,,,,,,,,,
,Armenia,,,,,,,,,,,,
,Aruba,,,,,,,,,,,,
,Australia,,,"2,696","8,992",,"4,239","4,396",,,,,
,Austria,,,,,,,,,,,,
,Azerbaijan,,,,,,,,,,,,
,Bahamas,,,,,,,,,,,,
,Bahrain,,,,,,,,,,,,
,Bangladesh,,,,,,,,,,,,
,Barbados,,,,,,,,,,,,
,Belarus,,,,,,,,,,,,
,Belgium,,,,,,,,,,,,
,Belize,,,,,,,,,,,,
,Benin,,,,,,,,,,,,
,Bermuda,,,,,,,,,,,,
,Bhutan,,,,,,,,,,,,
,Bolivia,,,,,,,,,,,,
,Bosnia and Herzegovina,,,,,,,,,,,,
,Botswana,,,,,,,,,,,,
,Brazil,,,,,,,,,,,,
,British Indian Ocean Territories,,,,,,,,,,,,
,British Virgin Islands,,,,,,,,,,,,
,Brunei,,,,,,,,,,,,
,Bulgaria,,,,,,,,,,,,
,Burkina Faso,,,,,,,,,,,,
,Burma,,,,,,,,,,,,
,Burundi,,,,,,,,,,,,
,Cabo Verde,,,,,,,,,,,,
,Cambodia,,,,,,,,,,,,
,Cameroon,,,,,,,,,,,,
,Canada,,,"33,921","75,749","31,225","48,851","20,436","26,436","125,501","28,879","95,295","146,029"
,Cayman Islands,,,,,,,,,,,,
,Central African Republic,,,,,,,,,,,,
,Chad,,,,,,,,,,,,
,Chile,,,,,,,,,,,,
,China,,,,,,,,,,,,
,Christmas Island,,,,,,,,,,,,
,Cocos (Keeling) Islands,,,,,,,,,,,,
,Colombia,,,,,,,,,,,,
,Comoros,,,,,,,,,,,,
,Congo (Brazzaville),,,,,,,,,,,,
,Congo (Kinshasa),,,,,,,,,,,,
,Cook Islands,,,,,,,,,,,,
,Costa Rica,,,,,,,,,,,,
,Cote d'Ivoire,,,,,,,,,,,,
,Croatia,,,,,,,,,,,,
,Cuba,,,,,,,,,,,,
,Curacao,,,,,,,,,,,,
,Cyprus,,,,,,,,,,,,
,Czech Republic,,,"19,094","18,825","13,110",,,,,,,
,Denmark,,,,,,,,,,,,
,Djibouti,,,,,,,,,,,,
,Dominica,,,,,,,,,,,,
,Dominican Republic,,,,,,,,,,,,
,Ecuador,,,,,,,,,,,,
,Egypt,,,,,,,,,,,,
,El Salvador,,,,,,,,,,,,
,Equatorial Guinea,,,,,,,,,,,,
,Eritrea,,,,,,,,,,,,
,Estonia,,,,,,,,,,,,
,Eswatini,,,,,,,,,,,,
,Ethiopia,,,,,,,,,,,,
,Falkland Islands (Islas Malvinas),,,,,,,,,,,,
,Faroe Islands,,,,,,,,,,,,
,Fiji,,,,,,,,,,,,
,Finland,,,,,,,,,,,,
,France,,,,,"39,520",,,,,,,
,French Guiana,,,,,,,,,,,,
,French Polynesia,,,,,,,,,,,,
,French Southern and Antarctic Lands,,,,,,,,,,,,
,Gabon,,,,,,,,,,,,
,Gambia,,,,,,,,,,,,
,Gaza Strip Administered by Israel,,,,,,,,,,,,
,Georgia,,,,,,,,,,,,
,Germany,,,"5,904",,"7,603","7,948",,,"8,789","9,537",,
,Ghana,,,,,,,,,,,,
,Gibraltar,,,,,,,,,,,,
,Greece,,,,,,,,,,,,
,Greenland,,,,,,,,,,,,
,Grenada,,,,,,,,,,,,
,Guadeloupe,,,,,,,,,,,,
,Guatemala,,,,,,,,,,,,
,Guinea,,,,,,,,,,,,
,Guinea-Bissau,,,,,,,,,,,,
,Guyana,,,,,,,,,,,,
,Haiti,,,,,,,,,,,,
,Heard and McDonald Islands,,,,,,,,,,,,
,Honduras,,,,,,,,,,,,
,Hong Kong,,,,,,,,,,,,
,Hungary,,,,,,,,,,,,
,Iceland,,,,,,"4,074",,"3,436",,"4,517",,
,India,,,,,,,,,,,,
,Indonesia,,,,,,,,,,,,
,Iran,,,,,,,,,,,,
,Iraq,,,,,,,,,,,,
,Ireland,,,,,,,,,,,,
,Israel,,,,,,,,,,,,
,Italy,,,"7,160","7,390",,"9,725",,,,,,
,Jamaica,,,,,,,,,,,,
,Japan,,,,,,,,,,,,
,Jordan,,,,,,,,,,,,
,Kazakhstan,,,,,,,,,,,,
,Kenya,,,,,,,,,,,,
,Kiribati,,,,,,,,,,,,
,"Korea, North",,,,,,,,,,,,
,"Korea, South",,,,,,,,,,,,
,Kosovo,,,,,,,,,,,,
,Kuwait,,,,,,,,,,,,
,Kyrgyzstan,,,,,,,,,,,,
,Laos,,,,,,,,,,,,
,Latvia,,,,,,,,,,,,
,Lebanon,,,,,,,,,,,,
,Lesotho,,,,,,,,,,,,
,Liberia,,,,,,,,,,,,
,Libya,,,,,,,,,,,,
,Liechtenstein,,,,,,,,,,,,
,Lithuania,,,,,,,,,,,,
,Luxembourg,,,,,,,,,,,,
,Macau,,,,,,,,,,,,
,Macedonia,,,,,,,,,,,,
,Madagascar,,,,,,,,,,,,
,Malawi,,,,,,,,,,,,
,Malaysia,,,,,,,,,,,,
,Maldives,,,,,,,,,,,,
,Mali,,,,,,,,,,,,
,Malta,,,,,,,,,,,,
,Marshall Islands,,,,,,,,,,,,
,Martinique,,,,,,,,,,,,
,Mauritania,,,,,,,,,,,,
,Mauritius,,,,,,,,,,,,
,Mayotte,,,,,,,,,,,,
,Mexico,,,,,,,,,,,,
,Micronesia,,,,,,,,,,,,
,Moldova,,,,,,,,,,,,
,Monaco,,,,,,,,,,,,
,Mongolia,,,,,,,,,,,,
,Montenegro,,,,,,,,,,,,
,Montserrat,,,,,,,,,,,,
,Morocco,,,,,,,,,,,,
,Mozambique,,,,,,,,,,,,
,Namibia,,,,,,,,,,,,
,Nauru,,,,,,,,,,,,
,Nepal,,,,,,,,,,,,
,Netherlands,,,,,,,,,,"22,456","16,375","7,726"
,Netherlands Antilles (through Apr 2011),,,,,,,,,,,,
,New Caledonia,,,,,,,,,,,,
,New Zealand,,,,,,,,,,,,
,Nicaragua,,,,,,,,,,,,
,Niger,,,,,,,,,,,,
,Nigeria,,,,,,,,,,,,
,Niue,,,,,,,,,,,,
,Norfolk Island,,,,,,,,,,,,
,Norway,,,,"2,643",,,,,,,,
,Oman,,,,,,,,,,,,
,Pakistan,,,,,,,,,,,,
,Palau,,,,,,,,,,,,
,Panama,,,,,,,,,,,,
,Papua New Guinea,,,,,,,,,,,,
,Paraguay,,,,,,,,,,,,
,Peru,,,,,,,,,,,,
,Philippines,,,,,,,,,,,,
,Pitcairn Islands,,,,,,,,,,,,
,Poland,,,,,,,,,,,,
,Portugal,,,,,,,,,,,,
,Qatar,,,,,,,,,,,,
,Reunion,,,,,,,,,,,,
,Romania,,,,,,,,,,,,
,Russia,,,,,,,,,,,,
,Rwanda,,,,,,,,,,,,
,Samoa,,,,,,,,,,,,
,San Marino,,,,,,,,,,,,
,Sao Tome and Principe,,,,,,,,,,,,
,Saudi Arabia,,,,,,,,,,,,
,Senegal,,,,,,,,,,,,
,Serbia,,,,,,,,,,,,
,Serbia (Jan 2007 - Dec 2008),,,,,,,,,,,,
,Serbia and Montenegro (Aug 2003 - Dec 2006),,,,,,,,,,,,
,Seychelles,,,,,,,,,,,,
,Sierra Leone,,,,,,,,,,,,
,Singapore,,,,,,,,,,,,
,Sint Maarten,,,,,,,,,,,,
,Slovakia,,,,,,,,,,,,
,Slovenia,,,,,,,,,,,,
,Solomon Islands,,,,,,,,,,,,
,Somalia,,,,,,,,,,,,
,South Africa,,,"4,992","2,962",,"2,628","2,712",,,,,
,South Sudan,,,,,,,,,,,,
,Spain,,,,,,,,,,,,
,Sri Lanka,,,,,,,,,,,,
,St Helena,,,,,,,,,,,,
,St Kitts and Nevis,,,,,,,,,,,,
,St Lucia,,,,,,,,,,,,
,St Pierre and Miquelon,,,,,,,,,,,,
,St Vincent and the Grenadines,,,,,,,,,,,,
,Sudan,,,,,,,,,,,,
,Sudan (through Jul 2011),,,,,,,,,,,,
,Suriname,,,,,,,,,,,,
,"Svalbard, Jan Mayen Island",,,,,,,,,,,,
,Sweden,,,,,,,,,,,,
,Switzerland,,,,,,,,,,,,
,Syria,,,,,,,,,,,,
,Taiwan,,,,,,,,,,,,
,Tajikistan,,,,,,,,,,,,
,Tanzania,,,,,,,,,,,,
,Thailand,,,,,,,,,,,,
,Timor-Leste,,,,,,,,,,,,
,Togo,,,,,,,,,,,,
,Tokelau,,,,,,,,,,,,
,Tonga,,,,,,,,,,,,
,Trinidad and Tobago,,,,,,,,,,,,
,Tunisia,,,,,,,,,,,,
,Turkey,,,,,,,,,,,,
,Turkmenistan,,,,,,,,,,,,
,Turks and Caicos Islands,,,,,,,,,,,,
,Tuvalu,,,,,,,,,,,,
,Uganda,,,,,,,,,,,,
,Ukraine,,,,,,,,,,,,
,United Arab Emirates,,,,,,,,,,,,
,United Kingdom,,,,,,,,,,,,
,Uruguay,,,,,,,,,,,,
,Uzbekistan,,,,,,,,,,,,
,Vanuatu,,,,,,,,,,,,
,Vatican City,,,,,,,,,,,,
,Venezuela,,,,,,,,,,,,
,Vietnam,,,,,,,,,,,,
,Wallis and Futuna,,,,,,,,,,,,
,West Bank Administered by Israel,,,,,,,,,,,,
,Western Sahara (through Dec 2020),,,,,,,,,,,,
,Yemen,,,,,,,,,,,,
,Zambia,,,,,,,,,,,,
,Zimbabwe,,,,,,,,,,,,
,International Organizations,,,,,,,,,,,,
,Unidentified Countries,,,,,,,,,,,,
"121229 Seaweeds And Other Algae, Nesoi",World Total,,,"21,869","73,137","76,480","111,399","61,688","17,193","124,287","58,079","2,655","179,068"
,Afghanistan,,,,,,,,,,,,
,Albania,,,,,,,,,,,,
,Algeria,,,,,,,,,,,,
,Andorra,,,,,,,,,,,,
,Angola,,,,,,,,,,,,
,Anguilla,,,,,,,,,,,,
,Antigua and Barbuda,,,,,,,,,,,,
,Argentina,,,,,,,,,,,,
,Armenia,,,,,,,,,,,,
,Aruba,,,,,,,,,,,,
,Australia,,,,,,,"4,178","3,601",,,,
,Austria,,,,,,,,,,,,
,Azerbaijan,,,,,,,,,,,,
,Bahamas,,,,,,,,,,,,
,Bahrain,,,,,,,,,,,,
,Bangladesh,,,,,,,,,,,,
,Barbados,,,,,,,,,,,,
,Belarus,,,,,,,,,,,,
,Belgium,,,,,,,,,,,,
,Belize,,,,,,,,,,,,
,Benin,,,,,,,,,,,,
,Bermuda,,,,,,,,,,,,
,Bhutan,,,,,,,,,,,,
,Bolivia,,,,,,,,,,,,
,Bosnia and Herzegovina,,,,,,,,,,,,
,Botswana,,,,,,,,,,,,
,Brazil,,,,,,,,,,,,
,British Indian Ocean Territories,,,,,,,,,,,,
,British Virgin Islands,,,,,,,,,,,,
,Brunei,,,,,,,,,,,,
,Bulgaria,,,,,,,,,,,,
,Burkina Faso,,,,,,,,,,,,
,Burma,,,,,,,,,,,,
,Burundi,,,,,,,,,,,,
,Cabo Verde,,,,,,,,,,,,
,Cambodia,,,,,,,,,,,,
,Cameroon,,,,,,,,,,,,
,Canada,,,"18,151","73,137","45,962","42,676","16,572","13,592","118,435","58,079","2,655","179,068"
,Cayman Islands,,,,,,,,,,,,
,Central African Republic,,,,,,,,,,,,
,Chad,,,,,,,,,,,,
,Chile,,,,,,,,,,,,
,China,,,,,,,,,,,,
,Christmas Island,,,,,,,,,,,,
,Cocos (Keeling) Islands,,,,,,,,,,,,
,Colombia,,,,,,,,,,,,
,Comoros,,,,,,,,,,,,
,Congo (Brazzaville),,,,,,,,,,,,
,Congo (Kinshasa),,,,,,,,,,,,
,Cook Islands,,,,,,,,,,,,
,Costa Rica,,,,,,,,,,,,
,Cote d'Ivoire,,,,,,,,,,,,
,Croatia,,,,,,,,,,,,
,Cuba,,,,,,,,,,,,
,Curacao,,,,,,,,,,,,
,Cyprus,,,,,,,,,,,,
,Czech Republic,,,,,"17,502","68,723","9,581",,"5,852",,,
,Denmark,,,,,,,"20,665",,,,,
,Djibouti,,,,,,,,,,,,
,Dominica,,,,,,,,,,,,
,Dominican Republic,,,,,,,,,,,,
,Ecuador,,,,,,,,,,,,
,Egypt,,,,,,,,,,,,
,El Salvador,,,,,,,,,,,,
,Equatorial Guinea,,,,,,,,,,,,
,Eritrea,,,,,,,,,,,,
,Estonia,,,,,,,,,,,,
,Eswatini,,,,,,,,,,,,
,Ethiopia,,,,,,,,,,,,
,Falkland Islands (Islas Malvinas),,,,,,,,,,,,
,Faroe Islands,,,,,,,,,,,,
,Fiji,,,,,,,,,,,,
,Finland,,,,,,,,,,,,
,France,,,,,,,,,,,,
,French Guiana,,,,,,,,,,,,
,French Polynesia,,,,,,,,,,,,
,French Southern and Antarctic Lands,,,,,,,,,,,,
,Gabon,,,,,,,,,,,,
,Gambia,,,,,,,,,,,,
,Gaza Strip Administered by Israel,,,,,,,,,,,,
,Georgia,,,,,,,,,,,,
,Germany,,,,,,,,,,,,
,Ghana,,,,,,,,,,,,
,Gibraltar,,,,,,,,,,,,
,Greece,,,,,,,,,,,,
,Greenland,,,,,,,,,,,,
,Grenada,,,,,,,,,,,,
,Guadeloupe,,,,,,,,,,,,
,Guatemala,,,,,,,,,,,,
,Guinea,,,,,,,,,,,,
,Guinea-Bissau,,,,,,,,,,,,
,Guyana,,,,,,,,,,,,
,Haiti,,,,,,,,,,,,
,Heard and McDonald Islands,,,,,,,,,,,,
,Honduras,,,,,,,,,,,,
,Hong Kong,,,,,,,,,,,,
,Hungary,,,,,,,,,,,,
,Iceland,,,,,,,,,,,,
,India,,,,,,,,,,,,
,Indonesia,,,,,,,,,,,,
,Iran,,,,,,,,,,,,
,Iraq,,,,,,,,,,,,
,Ireland,,,,,,,,,,,,
,Israel,,,,,,,,,,,,
,Italy,,,,,"8,896",,"10,692",,,,,
,Jamaica,,,,,,,,,,,,
,Japan,,,,,,,,,,,,
,Jordan,,,,,,,,,,,,
,Kazakhstan,,,,,,,,,,,,
,Kenya,,,,,,,,,,,,
,Kiribati,,,,,,,,,,,,
,"Korea, North",,,,,,,,,,,,
,"Korea, South",,,,,,,,,,,,
,Kosovo,,,,,,,,,,,,
,Kuwait,,,,,,,,,,,,
,Kyrgyzstan,,,,,,,,,,,,
,Laos,,,,,,,,,,,,
,Latvia,,,,,,,,,,,,
,Lebanon,,,,,,,,,,,,
,Lesotho,,,,,,,,,,,,
,Liberia,,,,,,,,,,,,
,Libya,,,,,,,,,,,,
,Liechtenstein,,,,,,,,,,,,
,Lithuania,,,,,,,,,,,,
,Luxembourg,,,,,,,,,,,,
,Macau,,,,,,,,,,,,
,Macedonia,,,,,,,,,,,,
,Madagascar,,,,,,,,,,,,
,Malawi,,,,,,,,,,,,
,Malaysia,,,,,,,,,,,,
,Maldives,,,,,,,,,,,,
,Mali,,,,,,,,,,,,
,Malta,,,,,,,,,,,,
,Marshall Islands,,,,,,,,,,,,
,Martinique,,,,,,,,,,,,
,Mauritania,,,,,,,,,,,,
,Mauritius,,,,,,,,,,,,
,Mayotte,,,,,,,,,,,,
,Mexico,,,,,,,,,,,,
,Micronesia,,,,,,,,,,,,
,Moldova,,,,,,,,,,,,
,Monaco,,,,,,,,,,,,
,Mongolia,,,,,,,,,,,,
,Montenegro,,,,,,,,,,,,
,Montserrat,,,,,,,,,,,,
,Morocco,,,,,,,,,,,,
,Mozambique,,,,,,,,,,,,
,Namibia,,,,,,,,,,,,
,Nauru,,,,,,,,,,,,
,Nepal,,,,,,,,,,,,
,Netherlands,,,,,,,,,,,,
,Netherlands Antilles (through Apr 2011),,,,,,,,,,,,
,New Caledonia,,,,,,,,,,,,
,New Zealand,,,,,,,,,,,,
,Nicaragua,,,,,,,,,,,,
,Niger,,,,,,,,,,,,
,Nigeria,,,,,,,,,,,,
,Niue,,,,,,,,,,,,
,Norfolk Island,,,,,,,,,,,,
,Norway,,,,,,,,,,,,
,Oman,,,,,,,,,,,,
,Pakistan,,,,,,,,,,,,
,Palau,,,,,,,,,,,,
,Panama,,,,,,,,,,,,
,Papua New Guinea,,,,,,,,,,,,
,Paraguay,,,,,,,,,,,,
,Peru,,,,,,,,,,,,
,Philippines,,,,,,,,,,,,
,Pitcairn Islands,,,,,,,,,,,,
,Poland,,,,,,,,,,,,
,Portugal,,,,,,,,,,,,
,Qatar,,,,,,,,,,,,
,Reunion,,,,,,,,,,,,
,Romania,,,,,,,,,,,,
,Russia,,,,,,,,,,,,
,Rwanda,,,,,,,,,,,,
,Samoa,,,,,,,,,,,,
,San Marino,,,,,,,,,,,,
,Sao Tome and Principe,,,,,,,,,,,,
,Saudi Arabia,,,,,,,,,,,,
,Senegal,,,,,,,,,,,,
,Serbia,,,,,,,,,,,,
,Serbia (Jan 2007 - Dec 2008),,,,,,,,,,,,
,Serbia and Montenegro (Aug 2003 - Dec 2006),,,,,,,,,,,,
,Seychelles,,,,,,,,,,,,
,Sierra Leone,,,,,,,,,,,,
,Singapore,,,,,,,,,,,,
,Sint Maarten,,,,,,,,,,,,
,Slovakia,,,,,,,,,,,,
,Slovenia,,,,,,,,,,,,
,Solomon Islands,,,,,,,,,,,,
,Somalia,,,,,,,,,,,,
,South Africa,,,,,"4,120",,,,,,,
,South Sudan,,,,,,,,,,,,
,Spain,,,,,,,,,,,,
,Sri Lanka,,,,,,,,,,,,
,St Helena,,,,,,,,,,,,
,St Kitts and Nevis,,,,,,,,,,,,
,St Lucia,,,,,,,,,,,,
,St Pierre and Miquelon,,,,,,,,,,,,
,St Vincent and the Grenadines,,,,,,,,,,,,
,Sudan,,,,,,,,,,,,
,Sudan (through Jul 2011),,,,,,,,,,,,
,Suriname,,,,,,,,,,,,
,"Svalbard, Jan Mayen Island",,,,,,,,,,,,
,Sweden,,,,,,,,,,,,
,Switzerland,,,,,,,,,,,,
,Syria,,,,,,,,,,,,
,Taiwan,,,"3,718",,,,,,,,,
,Tajikistan,,,,,,,,,,,,
,Tanzania,,,,,,,,,,,,
,Thailand,,,,,,,,,,,,
,Timor-Leste,,,,,,,,,,,,
,Togo,,,,,,,,,,,,
,Tokelau,,,,,,,,,,,,
,Tonga,,,,,,,,,,,,
,Trinidad and Tobago,,,,,,,,,,,,
,Tunisia,,,,,,,,,,,,
,Turkey,,,,,,,,,,,,
,Turkmenistan,,,,,,,,,,,,
,Turks and Caicos Islands,,,,,,,,,,,,
,Tuvalu,,,,,,,,,,,,
,Uganda,,,,,,,,,,,,
,Ukraine,,,,,,,,,,,,
,United Arab Emirates,,,,,,,,,,,,
,United Kingdom,,,,,,,,,,,,
,Uruguay,,,,,,,,,,,,
,Uzbekistan,,,,,,,,,,,,
,Vanuatu,,,,,,,,,,,,
,Vatican City,,,,,,,,,,,,
,Venezuela,,,,,,,,,,,,
,Vietnam,,,,,,,,,,,,
,Wallis and Futuna,,,,,,,,,,,,
,West Bank Administered by Israel,,,,,,,,,,,,
,Western Sahara (through Dec 2020),,,,,,,,,,,,
,Yemen,,,,,,,,,,,,
,Zambia,,,,,,,,,,,,
,Zimbabwe,,,,,,,,,,,,
,International Organizations,,,,,,,,,,,,
,Unidentified Countries,,,,,,,,,,,,
"1605 Crustaceans, Molluscs Etc. Prepared Or Preserved",World Total,"2,983,543","3,142,700","3,805,782","9,899,328","16,768,414","11,595,718","11,841,735","428,279","50,000","1,758,370","1,536,906","1,152,579"
,Afghanistan,,,,,,,,,,,,
,Albania,,,,,,,,,,,,
,Algeria,,,,,,,,,,,,
,Andorra,,,,,,,,,,,,
,Angola,,,,,,,,,,,,
,Anguilla,,,,,,,,,,,,
,Antigua and Barbuda,,,,,,,,,,,,
,Argentina,,,,,,,,,,,,
,Armenia,,,,,,,,,,,,
,Aruba,,,,,,,,,,,,
,Australia,,,,,,,,,,"14,700",,
,Austria,,,,,,,,,,,,
,Azerbaijan,,,,,,,,,,,,
,Bahamas,,,,,,,,,,,,
,Bahrain,,,,,,,,,,,,
,Bangladesh,,,,,,,,,,,,
,Barbados,,,,,,,,,,,,
,Belarus,,,,,,,,,,,,
,Belgium,,,,,,,"342,930",,,,,
,Belize,,,,,,,,,,,,
,Benin,,,,,,,,,,,,
,Bermuda,,,,,,,,,,,,
,Bhutan,,,,,,,,,,,,
,Bolivia,,,,,,,,,,,,
,Bosnia and Herzegovina,,,,,,,,,,,,
,Botswana,,,,,,,,,,,,
,Brazil,,,,,,,,,,,,
,British Indian Ocean Territories,,,,,,,,,,,,
,British Virgin Islands,,,,,,,,,,,,
,Brunei,,,,,,,,,,,,
,Bulgaria,,,,,,,,,,,,
,Burkina Faso,,,,,,,,,,,,
,Burma,,,,,,,,,,,,
,Burundi,,,,,,,,,,,,
,Cabo Verde,,,,,,,,,,,,
,Cambodia,,,,,,,,,,,,
,Cameroon,,,,,,,,,,,,
,Canada,"19,081",,"175,223","252,145","248,313","21,802",,"153,845",,"21,445","1,261,397","375,856"
,Cayman Islands,,,,,,,,,,,,
,Central African Republic,,,,,,,,,,,,
,Chad,,,,,,,,,,,,
,Chile,,,,,,,,,,,,
,China,,"487,795","525,317","1,377,972","4,914,851","2,678,319","4,825,513","13,680",,,,
,Christmas Island,,,,,,,,,,,,
,Cocos (Keeling) Islands,,,,,,,,,,,,
,Colombia,,,,,,,,,,,,
,Comoros,,,,,,,,,,,,
,Congo (Brazzaville),,,,,,,,,,,,
,Congo (Kinshasa),,,,,,,,,,,,
,Cook Islands,,,,,,,,,,,,
,Costa Rica,,,,,,,,,,,"6,348",
,Cote d'Ivoire,,,,,,,,,,,,
,Croatia,,,,,,,,,,,,
,Cuba,,,,,,,,,,,,
,Curacao,,,,,,,,,,,,
,Cyprus,,,,,,,,,,,,
,Czech Republic,,,,,,,,,,,,
,Denmark,"11,104",,,,,"3,040",,,,,,
,Djibouti,,,,,,,,,,,,
,Dominica,,,,,,,,,,,,
,Dominican Republic,,,,,,,,,,,,
,Ecuador,,,,,,,,,,,,
,Egypt,,,,,,,,,,,,
,El Salvador,,,,,,,,,,,,
,Equatorial Guinea,,,,,,,,,,,,
,Eritrea,,,,,,,,,,,,
,Estonia,,,,,,,,,,,,
,Eswatini,,,,,,,,,,,,
,Ethiopia,,,,,,,,,,,,
,Falkland Islands (Islas Malvinas),,,,,,,,,,,,
,Faroe Islands,,,,,,,,,,,,
,Fiji,,,,,,,,,,,,
,Finland,,,,,,,,,,,,
,France,"42,000","321,308","282,447",,,,,"190,000",,,,
,French Guiana,,,,,,,,,,,,
,French Polynesia,,,,,,,,,,,,
,French Southern and Antarctic Lands,,,,,,,,,,,,
,Gabon,,,,,,,,,,,,
,Gambia,,,,,,,,,,,,
,Gaza Strip Administered by Israel,,,,,,,,,,,,
,Georgia,,,,,,,,,,,,
,Germany,,,"2,750",,,,,,,,,
,Ghana,,,,,,,,,,,,
,Gibraltar,,,,,,,,,,,,
,Greece,,,,,,,,,,,,
,Greenland,,,,,,,,,,,,
,Grenada,,,,,,,,,,,,
,Guadeloupe,,,,,,,,,,,,
,Guatemala,,,,,,,,,,,,
,Guinea,,,,,,,,,,,,
,Guinea-Bissau,,,,,,,,,,,,
,Guyana,,,,,,,,,,,,
,Haiti,,,,,,,,,,,,
,Heard and McDonald Islands,,,,,,,,,,,,
,Honduras,,,,,,,,,,,,
,Hong Kong,"990,928","453,899","506,488","4,211,728","4,153,425","1,570,679","603,644",,,,,
,Hungary,,,,,,,,,,,,
,Iceland,,,,,,,,,,,,
,India,,,,,,,,,,,,
,Indonesia,,,,,,,,,,,,
,Iran,,,,,,,,,,,,
,Iraq,,,,,,,,,,,,
,Ireland,,,,,,"8,056",,,,,,
,Israel,,,,,,,,,,,,
,Italy,"1,220,733","574,165","315,400","193,454",,"1,714,650",,,,,,
,Jamaica,,,,,,,,,,,,
,Japan,,,,"22,355","6,840","669,720",,,,"1,490,112",,
,Jordan,,,,,,,,,,,,
,Kazakhstan,,,,,,,,,,,,
,Kenya,,,,,,,,,,,,
,Kiribati,,,,,,,,,,,,
,"Korea, North",,,,,,,,,,,,
,"Korea, South",,"634,030","1,500,304","3,458,482","5,739,030","4,322,084","4,715,996","8,624",,,,"473,760"
,Kosovo,,,,,,,,,,,,
,Kuwait,,,,,,,,,,,,
,Kyrgyzstan,,,,,,,,,,,,
,Laos,,,,,,,,,,,,
,Latvia,,,,,,,,,,,,
,Lebanon,,,,,,,,,,,,
,Lesotho,,,,,,,,,,,,
,Liberia,,,,,,,,,,,,
,Libya,,,,,,,,,,,,
,Liechtenstein,,,,,,,,,,,,
,Lithuania,,,,,,,,,,,,
,Luxembourg,,,,,,,,,,,,
,Macau,,,,,,,,,,,,
,Macedonia,,,,,,,,,,,,
,Madagascar,,,,,,,,,,,,
,Malawi,,,,,,,,,,,,
,Malaysia,"68,427",,,,,"9,600","17,920",,,,,
,Maldives,,,,,,,,,,,,
,Mali,,,,,,,,,,,,
,Malta,,,,,,,,,,,,
,Marshall Islands,,,,,,,,,,,,
,Martinique,,,,,,,,,,,,
,Mauritania,,,,,,,,,,,,
,Mauritius,,,,,,,,,,,,
,Mayotte,,,,,,,,,,,,
,Mexico,,,,,"3,600",,,,,,,
,Micronesia,,,,,,,,,,,,
,Moldova,,,,,,,,,,,,
,Monaco,,,,,,,,,,,,
,Mongolia,,,,,,,,,,,,
,Montenegro,,,,,,,,,,,,
,Montserrat,,,,,,,,,,,,
,Morocco,,,,,,,,,,,,
,Mozambique,,,,,,,,,,,,
,Namibia,,,,,,,,,,,,
,Nauru,,,,,,,,,,,,
,Nepal,,,,,,,,,,,,
,Netherlands,,,,,,,,,,,,
,Netherlands Antilles (through Apr 2011),,,,,,,,,,,,
,New Caledonia,,,,,,,,,,,,
,New Zealand,,,,,,,,,,,,
,Nicaragua,,,,,,,,,,,,
,Niger,,,,,,,,,,,,
,Nigeria,,,,,,,,,,,,
,Niue,,,,,,,,,,,,
,Norfolk Island,,,,,,,,,,,,
,Norway,"399,905",,,"27,066","8,338",,,,,,,
,Oman,,,,,,,,,,,,
,Pakistan,,,,,,,,,,,,
,Palau,,,,,,,,,,,,
,Panama,,,,,,,,,,,,
,Papua New Guinea,,,,,,,,,,,,
,Paraguay,,,,,,,,,,,,
,Peru,,,,,,,,,,,,
,Philippines,,,,,,,"3,696",,,"5,280",,
,Pitcairn Islands,,,,,,,,,,,,
,Poland,,,,,,,,,,,,
,Portugal,,,,,,,,,,,,
,Qatar,,,,,,,,,,,,
,Reunion,,,,,,,,,,,,
,Romania,,,,,,,,,,,,
,Russia,,,,,,,,,,,,
,Rwanda,,,,,,,,,,,,
,Samoa,,,,,,,,,,,,
,San Marino,,,,,,,,,,,,
,Sao Tome and Principe,,,,,,,,,,,,
,Saudi Arabia,,,,,,,,,,,,
,Senegal,,,,,,,,,,,,
,Serbia,,,,,,,,,,,,
,Serbia (Jan 2007 - Dec 2008),,,,,,,,,,,,
,Serbia and Montenegro (Aug 2003 - Dec 2006),,,,,,,,,,,,
,Seychelles,,,,,,,,,,,,
,Sierra Leone,,,,,,,,,,,,
,Singapore,,,,,"19,260","227,456","272,544",,,"19,800","265,749","296,257"
,Sint Maarten,,,,,,,,,,,,
,Slovakia,,,,,,,,,,,,
,Slovenia,,,,,,,,,,,,
,Solomon Islands,,,,,,,,,,,,
,Somalia,,,,,,,,,,,,
,South Africa,,,,,,,,,,,,
,South Sudan,,,,,,,,,,,,
,Spain,"172,275","560,889","466,201",,"12,758",,,,,,,
,Sri Lanka,,,,,,,,,,,,
,St Helena,,,,,,,,,,,,
,St Kitts and Nevis,,,,,,,,,,,,
,St Lucia,,,,,,,,,,,,
,St Pierre and Miquelon,,,,,,,,,,,,
,St Vincent and the Grenadines,,,,,,,,,,,,
,Sudan,,,,,,,,,,,,
,Sudan (through Jul 2011),,,,,,,,,,,,
,Suriname,,,,,,,,,,,,
,"Svalbard, Jan Mayen Island",,,,,,,,,,,,
,Sweden,,,,,,,,,,,,
,Switzerland,"23,670",,,,,,,,,,,
,Syria,,,,,,,,,,,,
,Taiwan,,,"2,553","356,126","198,510","172,642","73,440",,,"8,430",,
,Tajikistan,,,,,,,,,,,,
,Tanzania,,,,,,,,,,,,
,Thailand,,,,,"16,876",,,,,"185,923",,
,Timor-Leste,,,,,,,,,,,,
,Togo,,,,,,,,,,,,
,Tokelau,,,,,,,,,,,,
,Tonga,,,,,,,,,,,,
,Trinidad and Tobago,,,,,,,,,,,,
,Tunisia,,,,,,,,,,,,
,Turkey,,,,,,,,,,,,
,Turkmenistan,,,,,,,,,,,,
,Turks and Caicos Islands,,,,,,,,,,,,
,Tuvalu,,,,,,,,,,,,
,Uganda,,,,,,,,,,,,
,Ukraine,,,,,,,,,,"9,107","3,412","6,706"
,United Arab Emirates,,,,,,,,,,,,
,United Kingdom,"35,420","110,614","29,099",,"1,446,613","151,470","381,220","62,130","50,000","3,573",,
,Uruguay,,,,,,,,,,,,
,Uzbekistan,,,,,,,,,,,,
,Vanuatu,,,,,,,,,,,,
,Vatican City,,,,,,,,,,,,
,Venezuela,,,,,,,,,,,,
,Vietnam,,,,,,"46,200","604,832",,,,,
,Wallis and Futuna,,,,,,,,,,,,
,West Bank Administered by Israel,,,,,,,,,,,,
,Western Sahara (through Dec 2020),,,,,,,,,,,,
,Yemen,,,,,,,,,,,,
,Zambia,,,,,,,,,,,,
,Zimbabwe,,,,,,,,,,,,
,International Organizations,,,,,,,,,,,,
,Unidentified Countries,,,,,,,,,,,,